,,1996,1996,1996,1996,1996,1996,1998,1998,1998,1998,1998,1998,2000,2000,2000,2000,2000,2000,2002,2002,2002,2002,2002,2002,2003,2003,2003,2003,2003,2003,2004,2004,2004,2004,2004,2004,2005,2005,2005,2005,2005,2005,2006,2006,2006,2006,2006,2006,2007,2007,2007,2007,2007,2007,2008,2008,2008,2008,2008,2008,2009,2009,2009,2009,2009,2009,2010,2010,2010,2010,2010,2010,2011,2011,2011,2011,2011,2011,2012,2012,2012,2012,2012,2012
Country/Territory,WBCode,Estimate,StdErr,NumSrc,Rank,Lower,Upper,Estimate,StdErr,NumSrc,Rank,Lower,Upper,Estimate,StdErr,NumSrc,Rank,Lower,Upper,Estimate,StdErr,NumSrc,Rank,Lower,Upper,Estimate,StdErr,NumSrc,Rank,Lower,Upper,Estimate,StdErr,NumSrc,Rank,Lower,Upper,Estimate,StdErr,NumSrc,Rank,Lower,Upper,Estimate,StdErr,NumSrc,Rank,Lower,Upper,Estimate,StdErr,NumSrc,Rank,Lower,Upper,Estimate,StdErr,NumSrc,Rank,Lower,Upper,Estimate,StdErr,NumSrc,Rank,Lower,Upper,Estimate,StdErr,NumSrc,Rank,Lower,Upper,Estimate,StdErr,NumSrc,Rank,Lower,Upper,Estimate,StdErr,NumSrc,Rank,Lower,Upper
AFGHANISTAN,AFG,-1.90,0.30,3.00,1.92,0.00,9.09,-2.04,0.30,3.00,0.48,0.00,7.18,-1.98,0.30,3.00,1.44,0.00,8.13,-1.57,0.20,5.00,6.73,1.91,12.44,-1.28,0.21,4.00,12.02,6.22,22.49,-1.25,0.19,6.00,13.94,6.22,21.53,-1.18,0.19,7.00,13.46,8.13,23.44,-1.19,0.16,8.00,13.94,8.61,21.53,-1.12,0.15,9.00,16.35,9.57,24.40,-1.24,0.15,9.00,13.46,8.13,20.10,-1.46,0.15,9.00,8.53,4.25,13.21,-1.48,0.15,9.00,7.58,4.25,13.68,-1.41,0.15,9.00,9.39,4.67,14.02,-1.32,0.14,10,11,6,17
ALBANIA,ALB,-0.76,0.24,4.00,24.52,14.35,38.28,-0.45,0.26,4.00,36.06,22.49,49.76,-0.32,0.21,5.00,40.38,27.75,50.24,-0.04,0.18,6.00,47.60,41.15,54.55,0.06,0.17,7.00,48.56,40.19,57.89,0.03,0.18,8.00,50.48,41.15,58.85,0.03,0.18,10.00,52.88,39.71,59.33,0.05,0.14,12.00,49.52,42.58,56.46,0.09,0.14,12.00,51.44,44.98,56.94,0.16,0.14,12.00,53.85,46.41,58.85,0.13,0.14,12.00,53.55,44.81,58.02,0.11,0.13,13.00,53.55,45.75,58.02,0.07,0.13,14.00,52.58,44.39,56.54,0.01,0.12,14,50,43,56
ALGERIA,DZA,-1.27,0.22,5.00,12.50,6.22,20.57,-1.38,0.23,5.00,10.10,3.35,19.14,-1.21,0.21,6.00,12.98,6.70,22.49,-1.12,0.17,8.00,17.31,10.53,23.92,-1.14,0.16,9.00,17.31,10.05,24.40,-0.82,0.14,12.00,24.52,18.66,30.62,-0.76,0.14,13.00,26.44,19.62,30.14,-0.92,0.12,13.00,22.12,17.70,27.75,-1.00,0.11,14.00,19.71,13.40,25.36,-0.99,0.11,15.00,19.71,15.79,25.36,-1.06,0.11,15.00,17.06,12.74,25.00,-1.03,0.11,15.00,18.01,13.68,25.94,-1.02,0.12,14.00,17.84,13.55,26.17,-0.91,0.12,14,23,17,28
AMERICAN SAMOA,ASM,#N/A,#N/A,#N/A,#N/A,#N/A,#N/A,#N/A,#N/A,#N/A,#N/A,#N/A,#N/A,#N/A,#N/A,#N/A,#N/A,#N/A,#N/A,#N/A,#N/A,#N/A,#N/A,#N/A,#N/A,#N/A,#N/A,#N/A,#N/A,#N/A,#N/A,0.47,0.39,1.00,63.46,43.54,84.69,0.64,0.42,1.00,69.23,47.85,89.95,0.58,0.51,1.00,66.83,39.23,95.22,1.01,0.53,1.00,79.81,53.59,100.00,1.00,0.53,1.00,80.29,53.59,100.00,1.00,0.52,1.00,77.25,54.25,100.00,1.02,0.49,1.00,79.15,55.66,100.00,1.04,0.46,1.00,79.81,56.54,100.00,1.06,0.44,1,82,58,100
ANDORRA,ADO,1.54,0.30,3.00,96.15,79.90,100.00,1.50,0.30,3.00,96.15,77.51,100.00,1.50,0.30,3.00,95.19,78.95,100.00,1.39,0.27,3.00,93.75,73.68,100.00,1.30,0.27,3.00,91.35,72.73,100.00,1.48,0.28,3.00,93.75,81.82,100.00,1.45,0.28,3.00,92.79,78.95,100.00,1.34,0.24,3.00,92.31,77.99,100.00,1.32,0.23,3.00,92.31,75.12,100.00,1.35,0.23,3.00,92.79,76.56,100.00,1.33,0.23,3.00,92.42,75.00,100.00,1.33,0.24,3.00,92.89,75.47,100.00,1.36,0.23,3.00,93.90,76.17,100.00,1.43,0.24,4,94,80,100
ANGOLA,AGO,-1.64,0.22,5.00,5.77,0.48,12.44,-1.44,0.23,5.00,8.65,2.87,16.75,-1.48,0.21,6.00,8.65,2.87,16.75,-1.24,0.17,8.00,12.50,8.13,20.57,-1.27,0.16,9.00,12.50,8.13,21.53,-1.28,0.15,11.00,12.98,7.18,19.14,-1.24,0.15,11.00,12.02,8.13,20.10,-1.24,0.12,13.00,12.02,8.61,18.66,-1.17,0.13,12.00,14.90,9.57,20.57,-1.13,0.12,13.00,16.35,10.53,21.53,-1.13,0.11,15.00,14.22,9.91,21.23,-1.12,0.11,16.00,14.69,12.26,22.17,-1.14,0.11,16.00,14.55,11.68,22.43,-1.08,0.12,15,17,12,23
ANGUILLA,AIA,#N/A,#N/A,#N/A,#N/A,#N/A,#N/A,#N/A,#N/A,#N/A,#N/A,#N/A,#N/A,#N/A,#N/A,#N/A,#N/A,#N/A,#N/A,#N/A,#N/A,#N/A,#N/A,#N/A,#N/A,#N/A,#N/A,#N/A,#N/A,#N/A,#N/A,0.81,0.39,1.00,75.00,55.50,92.34,0.88,0.42,1.00,74.52,56.46,96.17,1.04,0.51,1.00,81.25,55.02,100.00,1.01,0.53,1.00,79.81,53.59,100.00,1.00,0.53,1.00,80.29,53.59,100.00,1.00,0.52,1.00,77.25,54.25,100.00,1.02,0.49,1.00,79.15,55.66,100.00,1.04,0.46,1.00,79.81,56.54,100.00,1.06,0.44,1,82,58,100
ANTIGUA AND BARBUDA,ATG,0.29,0.30,3.00,59.13,43.54,72.25,0.29,0.30,3.00,58.17,44.02,71.29,0.35,0.30,3.00,59.13,47.85,74.64,0.30,0.27,3.00,55.77,44.98,70.33,0.27,0.27,3.00,54.81,42.11,69.38,0.56,0.27,4.00,65.38,53.11,81.82,0.55,0.27,4.00,64.42,54.07,78.95,0.66,0.24,3.00,68.75,55.50,81.34,0.57,0.23,3.00,65.38,54.55,75.60,0.60,0.23,3.00,66.83,55.50,76.56,0.60,0.23,3.00,67.77,55.66,75.47,0.51,0.24,3.00,63.51,53.77,75.00,0.52,0.23,3.00,64.32,54.67,74.77,0.65,0.25,3,68,57,83
ARGENTINA,ARG,0.29,0.21,7.00,59.62,50.24,66.99,0.17,0.22,7.00,53.37,44.02,64.59,0.31,0.20,8.00,57.21,50.24,66.51,0.16,0.17,10.00,52.88,45.45,60.29,0.33,0.17,10.00,57.69,48.80,66.03,0.34,0.17,11.00,59.13,51.20,67.94,0.24,0.17,12.00,57.69,48.80,64.11,0.36,0.13,14.00,58.17,52.63,65.07,0.41,0.13,14.00,58.17,55.02,66.99,0.31,0.13,15.00,57.69,50.72,62.68,0.24,0.11,17.00,55.92,50.94,59.43,0.33,0.11,17.00,57.35,54.25,63.68,0.31,0.11,18.00,56.81,54.67,63.55,0.25,0.11,18,57,53,62
ARMENIA,ARM,-0.73,0.30,3.00,25.96,13.88,43.06,-0.38,0.26,4.00,37.02,25.36,51.67,-0.41,0.21,5.00,36.06,26.79,49.76,-0.49,0.18,6.00,35.58,24.88,43.06,-0.50,0.17,7.00,33.65,26.32,40.19,-0.57,0.18,8.00,31.25,22.97,41.15,-0.60,0.18,9.00,29.81,22.97,38.76,-0.74,0.14,12.00,26.44,21.53,32.06,-0.76,0.14,12.00,27.40,20.10,31.58,-0.86,0.14,12.00,23.56,17.22,28.71,-0.88,0.14,12.00,24.17,15.09,30.19,-0.85,0.14,12.00,25.59,16.98,30.19,-0.68,0.14,12.00,28.64,24.30,32.71,-0.57,0.13,13,30,26,37
ARUBA,ABW,#N/A,#N/A,#N/A,#N/A,#N/A,#N/A,#N/A,#N/A,#N/A,#N/A,#N/A,#N/A,#N/A,#N/A,#N/A,#N/A,#N/A,#N/A,#N/A,#N/A,#N/A,#N/A,#N/A,#N/A,#N/A,#N/A,#N/A,#N/A,#N/A,#N/A,0.70,0.39,1.00,71.15,51.20,90.43,1.12,0.42,1.00,85.58,62.20,100.00,1.04,0.51,1.00,81.25,55.02,100.00,1.01,0.53,1.00,79.81,53.59,100.00,1.00,0.53,1.00,80.29,53.59,100.00,1.23,0.26,2.00,91.00,70.28,100.00,1.26,0.24,2.00,91.47,73.11,100.00,1.25,0.23,2.00,91.08,74.30,98.60,1.25,0.21,2,91,75,96
AUSTRALIA,AUS,1.46,0.22,6.00,92.31,83.73,100.00,1.44,0.23,6.00,93.27,79.90,100.00,1.51,0.22,7.00,95.67,85.65,100.00,1.42,0.20,8.00,95.19,83.25,100.00,1.43,0.19,8.00,94.71,86.60,100.00,1.52,0.19,8.00,94.71,89.00,100.00,1.52,0.19,8.00,95.19,88.52,100.00,1.42,0.17,9.00,95.19,86.12,100.00,1.40,0.17,9.00,94.23,85.65,100.00,1.40,0.17,9.00,94.71,86.12,100.00,1.40,0.15,10.00,94.31,87.26,100.00,1.44,0.15,10.00,94.79,88.21,100.00,1.47,0.14,11.00,95.77,89.72,100.00,1.50,0.14,11,96,91,100
AUSTRIA,AUT,1.49,0.22,6.00,93.75,84.69,100.00,1.38,0.23,6.00,92.31,77.51,100.00,1.34,0.22,7.00,90.38,77.51,99.52,1.30,0.20,8.00,90.87,75.12,100.00,1.29,0.19,8.00,90.87,76.56,100.00,1.46,0.19,8.00,92.31,85.17,99.04,1.35,0.19,8.00,90.38,81.34,98.56,1.41,0.17,9.00,94.23,86.12,100.00,1.40,0.17,9.00,95.19,86.60,100.00,1.40,0.17,9.00,94.23,86.12,100.00,1.42,0.15,10.00,94.79,87.26,100.00,1.47,0.15,10.00,95.26,89.62,100.00,1.43,0.14,11.00,94.84,89.25,99.53,1.46,0.14,11,95,90,99
AZERBAIJAN,AZE,-1.12,0.26,4.00,14.42,6.70,26.79,-1.00,0.23,5.00,18.75,9.57,31.10,-0.85,0.20,6.00,22.60,13.88,32.06,-0.95,0.16,8.00,20.67,14.83,28.23,-1.06,0.16,8.00,20.67,10.53,25.84,-1.04,0.16,9.00,18.75,10.05,25.36,-1.08,0.16,11.00,15.38,10.05,24.88,-1.22,0.13,13.00,13.46,8.61,20.57,-1.18,0.13,13.00,13.94,9.09,20.57,-1.28,0.13,13.00,12.02,8.13,18.18,-1.21,0.13,14.00,12.80,9.43,20.75,-1.26,0.13,14.00,12.32,8.96,17.92,-1.27,0.13,14.00,12.21,7.94,17.29,-1.26,0.13,14,13,7,17
"BAHAMAS, THE",BHS,1.06,0.24,4.00,81.73,68.42,91.87,1.11,0.26,4.00,85.10,67.46,98.09,1.16,0.25,4.00,86.54,71.77,96.65,1.16,0.24,4.00,87.50,70.33,99.04,1.05,0.24,4.00,82.21,66.99,94.74,1.02,0.25,4.00,82.21,67.94,90.91,0.98,0.25,4.00,77.88,65.07,90.91,1.04,0.22,4.00,79.81,69.86,93.78,1.13,0.21,4.00,86.06,70.33,96.17,1.15,0.21,4.00,86.54,71.29,96.17,1.01,0.17,5.00,78.20,68.87,91.51,0.98,0.17,5.00,76.30,68.87,91.04,0.97,0.17,5.00,75.59,68.69,90.65,0.94,0.16,5,75,68,89
BAHRAIN,BHR,-0.74,0.22,5.00,25.00,15.31,37.32,-1.11,0.23,5.00,15.38,8.13,28.71,-1.10,0.23,5.00,18.27,9.09,26.79,-0.62,0.17,8.00,29.81,22.97,40.67,-0.69,0.16,8.00,26.44,22.01,35.41,-0.62,0.15,10.00,28.37,22.97,36.36,-0.81,0.15,10.00,25.48,17.70,30.14,-0.91,0.13,10.00,23.08,17.70,28.71,-0.86,0.13,10.00,24.52,18.18,29.19,-0.87,0.12,10.00,22.60,17.70,28.71,-0.80,0.12,11.00,26.54,20.75,30.19,-0.97,0.12,11.00,19.91,13.68,27.83,-1.22,0.12,10.00,13.15,9.35,17.76,-1.32,0.12,10,11,7,17
BANGLADESH,BGD,-0.12,0.22,5.00,47.60,34.93,57.89,-0.17,0.23,5.00,45.19,33.97,55.02,-0.31,0.22,6.00,40.87,27.75,50.24,-0.52,0.17,8.00,33.65,23.92,41.63,-0.63,0.17,8.00,28.85,24.40,39.23,-0.68,0.16,10.00,26.92,21.53,35.89,-0.60,0.16,11.00,29.33,23.92,36.36,-0.48,0.12,13.00,32.69,29.19,38.28,-0.54,0.12,14.00,31.25,27.75,35.89,-0.47,0.12,14.00,33.17,28.71,40.67,-0.30,0.12,14.00,38.86,31.60,44.81,-0.28,0.12,14.00,37.44,33.96,47.17,-0.32,0.11,15.00,37.56,31.31,44.39,-0.42,0.11,15,34,30,42
BARBADOS,BRB,1.47,0.30,3.00,93.27,76.08,100.00,1.41,0.30,3.00,92.79,75.60,100.00,1.41,0.30,3.00,92.79,75.60,100.00,1.35,0.27,3.00,92.31,73.21,100.00,1.22,0.27,3.00,89.42,70.81,100.00,1.16,0.27,4.00,87.50,71.77,94.74,1.06,0.27,4.00,83.17,66.99,94.74,1.14,0.23,4.00,86.54,71.77,96.65,1.13,0.23,4.00,86.54,69.86,96.65,1.06,0.23,4.00,82.21,68.90,94.74,1.20,0.18,5.00,88.63,74.53,96.70,1.21,0.18,5.00,89.57,75.47,96.23,1.19,0.17,5.00,87.79,74.77,95.33,1.18,0.17,5,87,74,95
BELARUS,BLR,-1.07,0.30,3.00,17.31,6.22,31.58,-0.85,0.26,4.00,22.60,11.96,36.36,-1.35,0.21,5.00,10.58,3.83,20.10,-1.49,0.17,7.00,8.65,2.87,15.31,-1.50,0.17,7.00,8.17,3.83,15.31,-1.59,0.18,7.00,5.77,1.44,12.92,-1.77,0.19,7.00,3.37,1.44,8.13,-1.75,0.15,9.00,4.33,2.39,8.13,-1.69,0.14,9.00,4.81,2.87,9.09,-1.57,0.14,10.00,6.73,3.83,10.05,-1.53,0.14,10.00,7.58,4.25,10.38,-1.54,0.14,10.00,7.11,3.77,12.26,-1.64,0.14,9.00,4.69,3.27,9.81,-1.54,0.12,11,6,4,10
BELGIUM,BEL,1.46,0.22,6.00,92.79,83.73,100.00,1.36,0.23,6.00,90.87,76.56,100.00,1.39,0.22,7.00,92.31,79.90,99.52,1.39,0.20,8.00,94.23,80.86,100.00,1.46,0.19,8.00,95.67,87.08,100.00,1.45,0.19,8.00,91.83,84.69,99.04,1.41,0.19,8.00,91.35,83.73,99.52,1.36,0.17,9.00,92.79,84.21,100.00,1.38,0.17,9.00,93.75,85.17,100.00,1.35,0.17,9.00,93.27,82.78,100.00,1.36,0.15,10.00,93.36,85.38,100.00,1.38,0.15,10.00,94.31,85.85,99.53,1.34,0.14,11.00,92.96,85.51,96.73,1.35,0.14,11,93,86,96
BELIZE,BLZ,0.78,0.30,3.00,72.12,58.85,87.08,0.85,0.30,3.00,72.60,59.33,90.43,0.94,0.30,3.00,76.44,61.72,92.82,0.78,0.27,3.00,71.15,57.42,88.52,0.88,0.27,3.00,73.56,61.24,92.34,0.77,0.27,4.00,74.52,57.89,89.00,0.75,0.27,4.00,71.63,58.85,88.52,0.50,0.19,5.00,62.02,54.55,72.25,0.49,0.19,6.00,62.50,54.55,71.29,0.62,0.18,7.00,67.79,57.89,74.16,0.75,0.18,7.00,69.19,60.38,81.13,0.68,0.18,7.00,68.25,58.96,75.94,0.66,0.17,8.00,68.08,59.35,74.77,0.69,0.17,6,69,60,77
BENIN,BEN,0.12,0.30,3.00,54.33,37.80,65.55,0.34,0.30,3.00,58.65,45.45,72.25,0.36,0.27,4.00,59.62,49.28,72.25,-0.01,0.19,6.00,49.04,41.15,55.98,0.24,0.18,6.00,53.85,44.98,63.64,0.10,0.20,7.00,51.44,41.63,61.24,0.01,0.17,10.00,51.92,39.71,58.85,0.33,0.13,14.00,56.73,52.15,63.64,0.34,0.13,14.00,57.69,53.59,64.11,0.30,0.13,14.00,57.21,50.24,62.68,0.33,0.14,13.00,57.35,53.30,64.62,0.29,0.13,13.00,56.40,51.89,63.21,0.11,0.13,14.00,54.46,46.26,57.48,0.07,0.13,14,53,44,58
BERMUDA,BMU,1.13,0.41,1.00,84.62,62.20,100.00,1.10,0.47,1.00,84.13,58.37,100.00,0.88,0.47,1.00,75.00,51.67,99.04,1.05,0.51,1.00,79.81,54.07,100.00,1.10,0.48,1.00,86.06,56.46,100.00,1.08,0.39,1.00,83.65,61.24,98.56,1.12,0.42,1.00,85.58,62.20,100.00,1.04,0.51,1.00,81.25,55.02,100.00,1.01,0.53,1.00,79.81,53.59,100.00,1.00,0.53,1.00,80.29,53.59,100.00,1.00,0.52,1.00,77.25,54.25,100.00,1.02,0.49,1.00,79.15,55.66,100.00,1.04,0.46,1.00,79.81,56.54,100.00,1.06,0.44,1,82,58,100
BHUTAN,BTN,-0.81,0.30,3.00,23.08,11.96,40.67,-0.99,0.30,3.00,19.71,8.61,34.93,-0.98,0.30,3.00,20.19,9.09,32.54,-1.23,0.26,4.00,12.98,5.26,23.92,-1.19,0.25,4.00,15.87,6.70,26.32,-0.92,0.22,6.00,21.63,12.92,31.58,-1.03,0.20,7.00,17.79,10.05,27.27,-1.01,0.13,8.00,19.71,12.44,25.36,-0.84,0.14,7.00,25.00,18.18,30.14,-0.56,0.13,7.00,29.33,27.27,35.89,-0.51,0.13,8.00,30.81,29.25,39.15,-0.46,0.13,8.00,34.60,29.25,39.62,-0.46,0.13,8.00,32.39,28.97,40.19,-0.32,0.13,8,39,31,46
BOLIVIA,BOL,0.02,0.21,6.00,52.40,40.67,61.24,0.26,0.22,6.00,56.25,47.37,66.03,0.06,0.21,7.00,50.48,42.58,59.81,0.06,0.17,9.00,50.48,42.58,57.89,-0.09,0.17,9.00,44.71,39.23,52.15,-0.19,0.15,12.00,41.83,35.41,51.20,-0.17,0.15,13.00,43.75,34.45,53.59,0.04,0.12,15.00,47.60,42.58,55.50,0.00,0.12,15.00,47.60,42.58,55.02,-0.05,0.12,15.00,47.12,41.63,53.59,-0.03,0.12,15.00,47.39,41.04,54.72,-0.07,0.11,16.00,47.39,38.21,53.77,-0.12,0.11,17.00,45.54,38.79,52.80,-0.13,0.11,17,45,39,52
BOSNIA AND HERZEGOVINA,BIH,-0.18,0.28,3.00,45.19,30.62,58.85,-0.13,0.28,3.00,46.15,32.06,58.37,-0.25,0.22,4.00,43.27,30.14,51.67,-0.20,0.17,7.00,43.27,36.84,50.72,0.14,0.16,7.00,50.96,43.54,60.77,0.12,0.17,9.00,52.88,44.50,61.24,0.18,0.17,9.00,55.77,46.89,63.64,0.16,0.15,10.00,53.37,45.45,58.85,0.10,0.14,12.00,51.92,44.98,56.94,-0.03,0.14,12.00,47.60,40.67,55.02,-0.04,0.14,12.00,46.45,40.09,55.66,-0.13,0.14,12.00,44.08,34.91,53.30,-0.22,0.14,11.00,41.31,33.18,51.40,-0.14,0.12,14,45,37,53
BOTSWANA,BWA,0.87,0.22,5.00,74.52,64.11,87.08,0.73,0.23,5.00,70.19,58.85,84.21,0.64,0.21,6.00,66.83,56.46,78.95,0.65,0.17,9.00,67.79,58.85,73.21,0.69,0.16,10.00,68.27,61.24,76.56,0.73,0.16,11.00,72.60,62.20,80.86,0.57,0.15,13.00,65.87,59.33,72.73,0.49,0.13,15.00,61.54,56.46,69.86,0.48,0.13,15.00,61.06,55.50,68.90,0.48,0.13,15.00,61.54,56.94,68.90,0.42,0.13,15.00,59.24,55.66,67.92,0.44,0.13,15.00,61.14,55.66,67.92,0.39,0.13,15.00,59.62,55.14,67.29,0.50,0.12,15,64,58,70
BRAZIL,BRA,0.09,0.21,7.00,53.85,43.06,62.20,0.17,0.22,7.00,53.85,44.02,64.59,0.15,0.20,8.00,52.40,46.89,63.16,0.39,0.17,10.00,59.13,50.72,68.42,0.41,0.17,10.00,61.06,50.72,67.94,0.37,0.17,11.00,60.10,51.20,68.90,0.45,0.17,12.00,62.98,55.50,71.29,0.45,0.13,16.00,60.58,55.50,68.90,0.49,0.13,16.00,62.02,56.46,69.38,0.51,0.13,16.00,62.50,56.94,69.38,0.49,0.11,17.00,61.61,56.60,67.92,0.53,0.11,17.00,64.93,58.02,68.87,0.47,0.11,18.00,62.91,56.54,67.76,0.43,0.11,17,61,57,67
BRUNEI DARUSSALAM,BRN,-0.70,0.24,4.00,26.92,15.31,41.63,-0.79,0.26,4.00,25.48,12.44,38.76,-0.77,0.25,4.00,25.96,13.40,39.23,-0.92,0.23,5.00,22.12,12.44,32.54,-0.92,0.24,4.00,23.08,10.53,32.54,-0.86,0.25,4.00,23.08,13.88,34.93,-0.87,0.25,4.00,23.56,11.00,33.97,-1.08,0.22,4.00,18.27,8.61,28.23,-1.04,0.21,4.00,18.75,9.57,29.19,-0.98,0.21,5.00,20.67,10.53,28.71,-0.75,0.17,7.00,28.91,18.87,33.02,-0.65,0.16,7.00,29.86,22.64,34.91,-0.60,0.16,7.00,29.11,24.77,36.92,-0.49,0.16,7,33,26,41
BULGARIA,BGR,0.37,0.22,5.00,61.54,51.67,71.29,0.37,0.23,5.00,59.62,50.24,70.33,0.41,0.19,7.00,60.10,51.67,70.81,0.49,0.16,9.00,62.02,54.07,70.33,0.51,0.15,9.00,62.98,54.07,70.81,0.54,0.16,9.00,64.90,56.94,74.64,0.57,0.16,10.00,65.38,59.33,72.73,0.55,0.13,14.00,63.94,56.94,71.77,0.68,0.13,14.00,68.27,60.29,74.16,0.56,0.13,14.00,64.90,57.89,69.86,0.56,0.13,14.00,64.93,57.55,69.34,0.52,0.13,14.00,64.45,57.08,69.34,0.44,0.13,15.00,61.03,56.07,67.76,0.38,0.12,15,59,56,66
BURKINA FASO,BFA,-0.73,0.24,4.00,26.44,14.35,40.19,-0.57,0.26,4.00,32.69,18.66,45.93,-0.36,0.23,5.00,38.94,26.79,50.24,-0.48,0.18,7.00,36.06,24.88,44.02,-0.33,0.17,7.00,39.42,29.67,44.98,-0.45,0.17,9.00,34.62,26.79,43.06,-0.46,0.16,11.00,33.65,27.27,41.63,-0.37,0.12,15.00,35.10,31.10,41.63,-0.34,0.12,15.00,36.06,31.58,44.50,-0.32,0.11,16.00,36.54,32.06,44.98,-0.32,0.11,16.00,38.39,31.13,43.87,-0.28,0.11,16.00,37.91,34.43,47.17,-0.32,0.11,17.00,38.03,31.78,44.39,-0.35,0.11,18,37,32,43
BURUNDI,BDI,-1.75,0.30,3.00,3.85,0.00,13.40,-1.61,0.30,3.00,3.85,0.48,15.31,-1.63,0.27,4.00,4.33,0.48,13.40,-1.22,0.19,6.00,13.94,7.66,22.49,-1.24,0.18,6.00,14.42,7.18,22.01,-1.31,0.20,7.00,9.62,5.74,19.62,-0.64,0.19,8.00,28.37,22.97,36.84,-0.75,0.14,11.00,25.96,21.53,32.06,-0.74,0.14,12.00,27.88,20.57,32.06,-0.71,0.14,12.00,28.37,21.53,33.01,-0.71,0.14,12.00,29.38,21.23,32.55,-0.94,0.14,11.00,21.80,13.68,29.25,-0.98,0.14,12.00,19.25,13.55,27.10,-0.93,0.13,13,22,16,28
CAMBODIA,KHM,-0.86,0.26,4.00,21.15,12.44,35.89,-0.92,0.26,4.00,21.63,11.00,34.93,-0.83,0.26,4.00,23.56,11.96,36.36,-0.78,0.19,6.00,24.52,18.66,37.32,-0.96,0.16,7.00,21.63,14.83,26.32,-0.89,0.17,8.00,22.60,16.27,28.71,-1.01,0.17,9.00,18.75,10.53,26.79,-0.93,0.13,11.00,21.63,17.22,28.23,-0.93,0.13,12.00,21.15,15.79,29.19,-0.97,0.12,13.00,21.15,16.27,27.27,-0.91,0.12,13.00,21.80,15.57,29.25,-0.93,0.12,13.00,22.27,14.62,28.77,-0.93,0.12,13.00,23.00,14.95,27.10,-0.98,0.12,13,19,15,26
CAMEROON,CMR,-0.97,0.22,5.00,19.23,10.53,31.10,-1.14,0.23,5.00,13.94,7.66,27.27,-1.14,0.21,6.00,15.38,8.13,24.40,-1.17,0.17,8.00,15.87,10.05,22.97,-1.12,0.16,9.00,18.27,10.05,24.88,-0.99,0.17,9.00,19.71,13.88,26.79,-1.02,0.15,12.00,18.27,11.00,26.32,-1.03,0.13,14.00,18.75,11.48,25.36,-1.06,0.12,15.00,18.27,11.00,24.88,-1.08,0.13,15.00,16.83,11.00,22.49,-1.06,0.13,15.00,16.59,12.74,25.47,-1.08,0.13,15.00,16.59,12.26,25.47,-1.05,0.12,16.00,17.37,12.62,25.70,-1.03,0.12,16,18,15,25
CANADA,CAN,1.62,0.22,6.00,99.52,87.08,100.00,1.62,0.23,6.00,99.04,88.52,100.00,1.59,0.22,7.00,98.08,87.56,100.00,1.53,0.20,8.00,98.56,88.04,100.00,1.53,0.19,8.00,97.60,88.04,100.00,1.68,0.19,8.00,96.63,90.43,100.00,1.50,0.19,8.00,94.71,88.04,100.00,1.44,0.16,11.00,95.67,88.04,100.00,1.40,0.15,12.00,94.71,87.08,100.00,1.43,0.15,12.00,95.19,87.56,100.00,1.43,0.15,12.00,95.26,87.74,100.00,1.38,0.15,12.00,93.84,85.85,99.06,1.41,0.14,13.00,94.37,86.92,99.07,1.45,0.13,13,94,90,98
CAPE VERDE,CPV,0.91,0.40,2.00,75.00,58.37,97.61,0.91,0.36,2.00,75.48,58.37,96.65,0.73,0.31,3.00,71.63,55.50,88.04,0.65,0.23,6.00,68.27,55.02,79.43,0.67,0.22,6.00,67.79,56.46,80.38,0.70,0.23,7.00,70.67,57.89,83.25,0.49,0.22,7.00,63.94,54.07,72.73,0.75,0.17,8.00,71.15,60.77,78.95,0.84,0.17,8.00,72.12,65.07,85.65,0.93,0.17,8.00,75.48,68.42,88.04,0.88,0.17,8.00,73.93,67.92,87.26,0.89,0.16,9.00,73.93,67.92,86.32,1.00,0.16,9.00,77.00,69.63,91.59,0.95,0.16,9,76,70,89
CAYMAN ISLANDS,CYM,1.57,0.41,1.00,97.60,74.64,100.00,1.54,0.47,1.00,98.08,70.81,100.00,1.53,0.47,1.00,96.15,71.77,100.00,1.49,0.51,1.00,96.15,67.46,100.00,0.87,0.48,1.00,73.08,48.80,100.00,0.84,0.39,1.00,75.48,55.98,93.78,0.88,0.42,1.00,74.52,56.46,96.17,0.81,0.51,1.00,73.56,45.93,100.00,0.78,0.53,1.00,71.15,45.93,100.00,0.79,0.53,1.00,71.15,45.45,100.00,0.53,0.26,2.00,62.56,53.30,75.00,0.54,0.24,2.00,65.40,55.19,75.47,0.54,0.23,2.00,64.79,55.14,74.77,0.54,0.21,2,65,56,74
CENTRAL AFRICAN REPUBLIC,CAF,-0.99,0.30,3.00,18.75,8.61,34.93,-0.75,0.30,3.00,26.92,11.96,43.06,-0.71,0.27,4.00,27.40,14.83,43.06,-1.08,0.19,6.00,19.23,10.53,24.88,-1.30,0.18,6.00,10.58,6.70,21.53,-1.30,0.20,7.00,11.54,5.74,20.10,-0.95,0.19,8.00,22.60,11.48,28.23,-1.01,0.15,8.00,19.23,11.48,25.36,-1.08,0.15,9.00,17.79,10.05,25.36,-1.01,0.14,9.00,19.23,12.44,27.27,-1.01,0.14,11.00,19.43,12.74,28.77,-1.12,0.14,11.00,14.22,10.85,23.58,-1.11,0.14,11.00,16.43,11.21,24.77,-1.26,0.13,11,13,7,17
CHAD,TCD,-1.08,0.30,3.00,16.35,6.22,31.58,-1.05,0.30,3.00,16.83,7.18,33.49,-1.03,0.27,4.00,19.23,9.09,30.14,-0.97,0.19,6.00,20.19,12.44,28.71,-1.10,0.18,7.00,18.75,10.05,25.84,-1.20,0.19,8.00,15.38,7.66,22.97,-1.26,0.17,10.00,11.06,6.70,20.10,-1.43,0.13,13.00,8.65,7.18,13.88,-1.46,0.13,13.00,8.65,5.26,12.44,-1.46,0.13,13.00,8.65,4.31,12.92,-1.42,0.14,13.00,9.48,5.66,13.68,-1.37,0.13,13.00,10.43,6.13,13.68,-1.35,0.13,13.00,10.33,6.07,14.95,-1.33,0.13,13,10,6,17
CHILE,CHL,0.65,0.21,7.00,68.27,59.81,77.03,0.49,0.22,7.00,63.94,52.63,72.73,0.84,0.20,8.00,74.52,63.16,87.56,1.06,0.17,10.00,80.29,70.81,91.87,0.98,0.17,10.00,79.33,69.38,90.43,1.17,0.17,11.00,87.98,77.99,90.91,1.24,0.17,11.00,89.42,77.51,95.22,1.06,0.14,13.00,83.65,74.64,91.39,1.08,0.14,13.00,83.65,73.21,91.39,1.00,0.13,14.00,77.40,69.86,89.00,1.01,0.13,15.00,78.67,70.28,90.09,1.09,0.13,15.00,82.94,73.11,91.98,1.05,0.13,15.00,81.22,73.36,91.59,1.04,0.12,15,80,73,91
CHINA,CHN,-1.29,0.22,6.00,12.02,5.26,20.57,-1.36,0.23,6.00,10.58,3.35,20.57,-1.29,0.22,7.00,11.54,3.83,21.05,-1.57,0.17,9.00,6.25,1.91,12.44,-1.54,0.17,9.00,7.21,2.87,12.92,-1.46,0.16,11.00,7.69,4.31,15.31,-1.50,0.16,11.00,7.69,4.31,12.44,-1.68,0.12,12.00,6.25,2.87,8.13,-1.66,0.12,14.00,5.29,3.83,8.61,-1.64,0.12,14.00,5.77,3.83,9.57,-1.66,0.12,14.00,5.21,3.30,8.02,-1.63,0.12,14.00,5.21,3.77,9.43,-1.58,0.11,15.00,5.63,4.21,10.28,-1.58,0.11,15,5,4,9
COLOMBIA,COL,-0.65,0.21,7.00,29.33,18.66,40.67,-0.47,0.22,7.00,35.10,23.92,46.89,-0.56,0.20,8.00,31.25,22.01,45.45,-0.50,0.17,10.00,35.10,24.40,42.58,-0.46,0.17,10.00,35.10,26.32,40.67,-0.31,0.15,13.00,38.94,31.58,46.89,-0.30,0.15,14.00,37.98,30.14,47.85,-0.18,0.12,16.00,41.83,34.93,46.89,-0.18,0.12,17.00,43.27,35.41,47.85,-0.18,0.11,17.00,42.79,34.93,48.33,-0.16,0.11,17.00,43.13,35.38,49.06,-0.15,0.11,17.00,42.65,35.38,49.53,-0.10,0.11,18.00,46.48,38.79,52.80,-0.11,0.11,18,45,40,54
COMOROS,COM,-0.58,0.30,3.00,31.25,16.27,48.80,-0.52,0.30,3.00,34.62,18.66,48.80,-1.16,0.27,4.00,14.42,5.26,27.27,-0.43,0.23,5.00,38.46,24.40,46.89,-0.57,0.22,5.00,31.25,22.49,40.67,-0.55,0.23,6.00,31.73,21.53,43.54,-0.63,0.23,6.00,28.85,19.14,39.71,-0.30,0.17,7.00,37.98,30.62,45.93,-0.48,0.17,7.00,33.65,26.79,43.06,-0.36,0.17,7.00,35.10,28.71,45.93,-0.38,0.17,8.00,34.60,30.19,45.28,-0.47,0.17,8.00,34.12,28.30,41.04,-0.44,0.16,8.00,33.33,28.50,42.99,-0.53,0.16,8,31,25,41
"CONGO, DEM. REP.",ZAR,-1.68,0.26,3.00,4.33,0.00,13.40,-1.88,0.28,3.00,2.40,0.00,9.09,-1.84,0.25,4.00,2.40,0.00,9.09,-1.69,0.18,6.00,3.85,1.44,10.53,-1.61,0.17,7.00,6.25,1.91,10.05,-1.73,0.17,9.00,3.85,0.96,8.13,-1.55,0.16,10.00,6.25,3.35,10.53,-1.28,0.13,11.00,10.58,8.13,18.66,-1.26,0.13,13.00,11.06,8.61,18.66,-1.45,0.13,13.00,9.62,4.78,13.88,-1.45,0.12,14.00,9.00,6.60,12.74,-1.44,0.11,14.00,9.00,5.66,12.26,-1.53,0.12,14.00,7.04,4.67,10.75,-1.52,0.12,14,7,4,11
"CONGO, REP.",COG,-1.02,0.24,4.00,17.79,8.61,30.62,-1.59,0.26,4.00,5.29,1.44,13.40,-1.51,0.23,5.00,7.69,1.91,16.75,-0.92,0.21,6.00,21.63,12.44,30.62,-0.78,0.20,6.00,25.96,18.18,35.41,-0.95,0.21,7.00,20.67,12.44,29.67,-1.08,0.16,10.00,15.87,10.05,24.88,-1.23,0.14,10.00,12.98,8.61,21.05,-1.25,0.14,10.00,12.02,8.61,19.14,-1.16,0.14,10.00,15.87,10.05,21.53,-1.10,0.13,12.00,16.11,9.91,24.53,-1.06,0.13,12.00,17.06,12.26,26.42,-1.11,0.13,12.00,15.96,11.21,24.77,-1.16,0.13,12,15,10,21
COOK ISLANDS,COK,#N/A,#N/A,#N/A,#N/A,#N/A,#N/A,#N/A,#N/A,#N/A,#N/A,#N/A,#N/A,#N/A,#N/A,#N/A,#N/A,#N/A,#N/A,#N/A,#N/A,#N/A,#N/A,#N/A,#N/A,#N/A,#N/A,#N/A,#N/A,#N/A,#N/A,#N/A,#N/A,#N/A,#N/A,#N/A,#N/A,#N/A,#N/A,#N/A,#N/A,#N/A,#N/A,#N/A,#N/A,#N/A,#N/A,#N/A,#N/A,#N/A,#N/A,#N/A,#N/A,#N/A,#N/A,#N/A,#N/A,#N/A,#N/A,#N/A,#N/A,-0.33,0.89,1.00,36.97,3.77,86.32,-0.30,0.87,1.00,36.97,3.77,85.85,-0.39,0.82,1.00,35.21,4.21,74.77,#N/A,#N/A,#N/A,#N/A,#N/A,#N/A
COSTA RICA,CRI,1.06,0.21,6.00,82.21,70.81,91.39,1.17,0.22,6.00,87.02,71.29,97.13,1.07,0.21,7.00,82.21,71.29,92.34,1.10,0.17,9.00,83.65,72.73,93.30,0.97,0.17,9.00,78.37,68.42,89.95,0.99,0.17,11.00,80.77,71.77,89.00,0.81,0.16,12.00,72.60,64.11,83.73,0.87,0.14,13.00,75.00,67.46,86.12,0.90,0.14,14.00,74.52,68.42,86.12,0.94,0.14,14.00,75.96,69.38,86.60,1.00,0.14,13.00,77.73,69.34,90.09,1.04,0.14,12.00,81.04,71.70,91.51,1.04,0.14,12.00,78.40,71.50,91.59,1.06,0.13,13,83,73,91
C?TE D'IVOIRE,CIV,-0.64,0.22,5.00,30.29,18.18,41.63,-0.73,0.23,5.00,28.37,15.31,38.76,-1.10,0.21,6.00,17.79,9.09,26.79,-1.20,0.17,8.00,15.38,9.57,21.53,-1.25,0.16,8.00,13.46,8.13,21.53,-1.30,0.17,9.00,12.02,6.22,19.14,-1.38,0.16,9.00,9.62,5.74,15.31,-1.37,0.13,10.00,9.62,7.18,16.75,-1.28,0.13,10.00,10.10,8.13,18.18,-1.24,0.13,12.00,12.50,8.61,18.66,-1.11,0.12,14.00,15.17,10.38,21.70,-1.10,0.11,14.00,15.64,12.26,23.11,-1.11,0.12,14.00,15.02,11.68,23.36,-0.79,0.11,15,26,19,29
CROATIA,HRV,-0.16,0.26,4.00,46.15,31.10,58.85,-0.34,0.23,5.00,39.42,29.19,51.67,0.47,0.20,6.00,62.02,52.63,72.25,0.51,0.16,9.00,62.98,54.55,70.33,0.58,0.15,9.00,65.38,57.89,71.29,0.64,0.16,10.00,68.75,60.29,77.99,0.43,0.16,11.00,62.02,55.50,70.81,0.44,0.14,12.00,59.62,55.02,69.38,0.48,0.14,12.00,61.54,55.50,69.38,0.43,0.14,12.00,59.13,55.02,68.42,0.44,0.14,12.00,59.72,55.66,67.92,0.43,0.14,12.00,60.19,55.19,67.92,0.46,0.13,13.00,61.50,56.07,68.22,0.48,0.12,14,64,58,68
CUBA,CUB,-1.39,0.22,5.00,9.62,3.83,17.70,-1.59,0.23,5.00,4.81,1.44,12.92,-1.63,0.23,5.00,3.85,0.96,11.96,-1.66,0.18,7.00,4.33,1.44,11.00,-1.87,0.17,7.00,1.92,0.48,6.70,-1.83,0.18,8.00,1.92,0.48,6.70,-1.86,0.18,8.00,2.88,0.96,6.22,-1.87,0.14,9.00,2.88,0.96,7.18,-1.84,0.14,9.00,3.85,2.39,7.18,-1.75,0.14,9.00,3.85,2.39,8.13,-1.66,0.14,9.00,4.74,2.83,9.43,-1.55,0.14,9.00,6.64,3.77,11.32,-1.52,0.14,9.00,7.51,4.21,12.15,-1.43,0.14,10,8,4,15
CYPRUS,CYP,1.03,0.22,5.00,79.33,68.42,90.91,0.97,0.23,5.00,76.44,66.03,90.43,1.07,0.23,5.00,82.69,69.86,93.30,1.14,0.21,5.00,85.58,71.29,96.17,0.97,0.20,6.00,77.40,66.99,90.91,0.95,0.19,7.00,79.33,68.42,89.00,0.99,0.19,7.00,78.85,69.86,89.95,1.05,0.17,8.00,81.73,72.25,91.87,1.07,0.17,8.00,82.21,71.29,93.30,1.09,0.17,8.00,83.65,71.77,93.78,1.08,0.16,9.00,82.94,71.23,92.45,1.02,0.15,9.00,77.73,70.28,91.51,1.05,0.15,9.00,80.28,71.50,92.06,1.00,0.15,9,79,71,91
CZECH REPUBLIC,CZE,1.00,0.22,6.00,76.92,66.51,90.43,0.91,0.23,6.00,74.52,64.59,88.52,0.68,0.22,7.00,68.75,58.85,80.38,0.98,0.17,9.00,75.48,69.38,89.00,0.97,0.17,9.00,76.92,67.94,89.95,0.95,0.17,9.00,79.81,68.90,89.00,0.88,0.17,10.00,73.56,66.99,85.65,0.93,0.14,12.00,76.44,69.86,86.60,0.96,0.14,12.00,76.92,69.86,88.52,1.00,0.14,12.00,77.88,69.86,89.47,1.02,0.14,12.00,80.09,70.28,91.51,1.00,0.13,13.00,76.78,70.75,89.62,0.99,0.13,14.00,76.53,70.56,89.25,0.93,0.12,14,75,70,86
DENMARK,DNK,1.58,0.22,6.00,98.08,86.60,100.00,1.50,0.23,6.00,96.63,85.17,100.00,1.58,0.22,7.00,97.60,87.56,100.00,1.55,0.20,8.00,99.52,88.52,100.00,1.60,0.19,8.00,99.52,90.43,100.00,1.83,0.19,8.00,100.00,94.26,100.00,1.77,0.19,8.00,100.00,92.82,100.00,1.64,0.17,9.00,100.00,92.34,100.00,1.52,0.17,9.00,97.60,90.91,100.00,1.60,0.17,9.00,100.00,91.39,100.00,1.57,0.15,10.00,98.58,91.98,100.00,1.58,0.15,10.00,99.05,92.45,100.00,1.60,0.15,10.00,98.12,93.46,100.00,1.69,0.14,11,99,95,100
DJIBOUTI,DJI,-0.86,0.30,3.00,21.63,10.05,37.80,-0.99,0.30,3.00,19.23,8.61,34.93,-0.82,0.27,4.00,24.04,11.96,37.32,-0.81,0.23,5.00,24.04,15.79,38.28,-0.63,0.22,5.00,29.33,21.53,39.71,-0.73,0.23,6.00,26.44,18.66,36.84,-1.06,0.21,7.00,17.31,9.57,27.27,-1.10,0.16,8.00,17.79,9.57,25.36,-1.18,0.16,8.00,13.46,9.09,22.49,-1.18,0.16,9.00,14.90,9.57,22.01,-1.18,0.16,9.00,13.74,8.96,21.70,-1.25,0.16,9.00,13.27,7.55,19.81,-1.40,0.16,9.00,9.86,4.67,14.49,-1.42,0.15,9,8,4,15
DOMINICA,DMA,1.01,0.30,3.00,77.40,64.11,93.78,1.07,0.30,3.00,80.77,66.03,98.09,1.07,0.30,3.00,81.73,65.55,96.65,1.11,0.27,3.00,84.13,68.42,99.04,1.08,0.27,3.00,84.62,66.99,97.13,1.00,0.27,4.00,81.73,65.07,91.39,0.98,0.27,4.00,78.37,64.11,91.87,1.04,0.24,3.00,79.33,67.94,95.22,1.03,0.23,3.00,80.29,67.46,95.22,1.06,0.23,3.00,82.69,68.90,95.22,1.04,0.23,3.00,81.04,67.92,94.34,1.01,0.24,3.00,77.25,67.92,94.34,1.00,0.23,3.00,77.46,67.29,93.93,0.96,0.25,3,76,65,93
DOMINICAN REPUBLIC,DOM,-0.04,0.22,5.00,50.96,35.89,60.29,-0.05,0.23,5.00,48.08,36.36,58.37,0.12,0.23,5.00,51.92,43.54,63.16,0.20,0.18,7.00,53.37,45.93,62.20,0.02,0.17,8.00,46.63,39.71,55.50,0.03,0.17,11.00,50.00,41.63,57.42,-0.09,0.17,11.00,47.12,36.36,56.46,0.17,0.14,13.00,53.85,45.93,58.85,0.16,0.14,14.00,54.33,46.89,57.89,0.11,0.14,14.00,52.40,45.45,57.89,0.06,0.14,14.00,51.18,42.45,56.60,0.03,0.13,14.00,49.76,41.51,55.66,0.02,0.13,15.00,51.17,42.52,56.07,0.05,0.12,14,53,44,57
ECUADOR,ECU,-0.13,0.21,6.00,47.12,34.93,56.46,-0.03,0.22,6.00,49.52,36.84,58.37,-0.43,0.21,7.00,35.10,26.32,48.80,-0.14,0.17,9.00,44.71,38.76,52.15,-0.18,0.17,9.00,40.87,35.41,49.76,-0.30,0.15,12.00,39.42,31.58,47.37,-0.43,0.15,13.00,34.13,28.23,43.54,-0.33,0.12,14.00,36.06,32.06,44.02,-0.23,0.12,15.00,40.87,35.41,46.89,-0.29,0.12,15.00,39.90,33.01,45.45,-0.28,0.11,16.00,39.34,33.02,45.28,-0.26,0.11,16.00,38.39,34.91,47.64,-0.33,0.12,15.00,37.09,31.31,44.39,-0.33,0.11,16,38,32,44
"EGYPT, ARAB REP.",EGY,-0.76,0.22,5.00,24.04,14.83,36.84,-0.82,0.23,5.00,24.52,12.92,36.36,-0.79,0.21,7.00,24.52,16.27,33.97,-1.08,0.16,9.00,18.75,11.00,23.92,-1.08,0.16,9.00,19.23,10.05,25.84,-0.95,0.14,12.00,21.15,16.27,26.79,-0.95,0.14,13.00,22.12,13.40,27.27,-1.16,0.11,15.00,16.35,10.05,21.53,-1.12,0.11,15.00,16.83,10.05,21.05,-1.18,0.11,15.00,15.38,10.05,19.62,-1.12,0.11,16.00,14.69,10.38,21.23,-1.15,0.11,16.00,13.74,11.32,20.28,-1.11,0.11,16.00,15.49,11.68,23.36,-0.74,0.11,17,27,23,31
EL SALVADOR,SLV,-0.15,0.21,6.00,46.63,34.93,55.02,-0.01,0.22,6.00,50.48,37.32,59.33,-0.11,0.21,7.00,48.56,33.97,55.98,0.11,0.17,9.00,50.96,44.02,60.29,0.17,0.17,9.00,51.92,44.50,61.24,0.11,0.17,11.00,51.92,44.02,61.24,-0.01,0.16,12.00,50.00,39.71,58.85,0.08,0.14,13.00,50.96,42.58,56.46,0.08,0.14,13.00,49.52,44.02,56.94,0.09,0.14,13.00,50.48,44.50,57.89,0.05,0.12,14.00,50.71,43.87,56.13,0.05,0.12,14.00,51.18,42.92,55.66,0.01,0.12,15.00,50.23,42.99,55.61,-0.08,0.11,16,46,41,55
EQUATORIAL GUINEA,GNQ,-1.54,0.26,4.00,6.73,0.48,15.31,-1.57,0.26,4.00,6.73,1.44,13.40,-1.62,0.24,5.00,4.81,0.96,12.44,-1.64,0.21,6.00,5.29,1.44,12.44,-1.70,0.20,6.00,4.33,0.96,10.05,-1.64,0.19,7.00,5.29,1.44,9.57,-1.67,0.18,7.00,4.81,1.91,10.05,-1.81,0.17,7.00,3.85,0.96,7.66,-1.89,0.16,8.00,3.37,0.96,6.22,-1.90,0.16,8.00,2.88,0.48,6.22,-1.81,0.16,8.00,3.32,2.36,7.08,-1.87,0.15,9.00,3.32,0.94,6.13,-1.90,0.15,9.00,2.35,0.93,4.67,-1.87,0.15,8,2,2,5
ERITREA,ERI,-1.26,0.30,3.00,12.98,3.83,23.92,-1.07,0.30,3.00,16.35,7.18,32.06,-1.37,0.27,4.00,10.10,2.87,21.05,-1.76,0.19,6.00,2.88,0.48,10.05,-1.90,0.18,6.00,1.44,0.48,6.70,-1.85,0.18,8.00,1.44,0.48,6.22,-2.14,0.17,9.00,0.96,0.00,3.35,-2.03,0.13,10.00,1.92,0.48,3.83,-2.08,0.13,9.00,1.92,0.00,3.83,-2.12,0.12,10.00,0.96,0.00,2.87,-2.16,0.13,10.00,0.47,0.00,2.83,-2.16,0.12,10.00,0.47,0.00,2.83,-2.17,0.12,10.00,0.47,0.00,2.34,-2.15,0.13,9,1,0,2
ESTONIA,EST,0.87,0.26,4.00,74.04,62.20,88.52,1.00,0.23,5.00,77.40,66.03,91.87,0.95,0.22,6.00,76.92,65.55,89.47,1.06,0.17,8.00,80.77,70.33,91.87,1.06,0.17,9.00,83.17,70.81,93.30,1.10,0.17,9.00,84.62,75.12,90.43,1.01,0.17,9.00,80.29,71.29,89.95,1.05,0.14,11.00,82.69,73.68,91.39,1.06,0.14,11.00,81.73,71.77,91.39,1.07,0.14,11.00,83.17,72.25,90.91,1.08,0.14,11.00,83.41,71.70,91.98,1.10,0.14,11.00,83.41,73.11,92.45,1.12,0.13,12.00,85.92,74.77,92.52,1.09,0.13,12,84,74,92
ETHIOPIA,ETH,-1.11,0.22,5.00,14.90,8.61,24.88,-0.97,0.23,5.00,21.15,11.00,32.06,-1.00,0.21,6.00,19.71,10.53,29.19,-1.23,0.17,8.00,13.46,8.13,20.57,-1.07,0.16,9.00,19.71,10.05,25.84,-1.14,0.15,11.00,17.31,8.61,22.01,-1.22,0.15,12.00,12.50,8.13,20.10,-1.16,0.11,15.00,15.87,10.05,21.53,-1.17,0.12,15.00,14.42,9.57,20.10,-1.28,0.11,15.00,11.54,8.61,16.75,-1.28,0.11,15.00,12.32,8.02,16.51,-1.31,0.11,15.00,11.37,7.55,14.15,-1.33,0.11,16.00,11.27,7.94,14.49,-1.28,0.11,16,12,7,17
FIJI,FJI,0.05,0.30,3.00,52.88,35.41,64.11,0.14,0.30,3.00,52.88,39.23,66.03,-0.58,0.30,3.00,30.77,18.66,48.80,-0.03,0.27,3.00,48.08,37.32,60.29,0.12,0.25,4.00,50.48,39.71,63.64,-0.02,0.26,4.00,48.08,34.45,61.24,0.08,0.26,4.00,53.85,36.36,64.11,-0.33,0.19,5.00,36.54,30.62,45.93,-0.50,0.18,6.00,32.69,25.36,42.11,-0.56,0.17,6.00,29.81,25.36,40.67,-0.78,0.17,7.00,27.96,16.51,31.13,-1.00,0.17,7.00,18.48,12.26,29.25,-0.98,0.17,7.00,18.78,12.62,28.50,-0.87,0.16,7,23,16,29
FINLAND,FIN,1.56,0.22,6.00,97.12,86.60,100.00,1.51,0.23,6.00,97.12,85.17,100.00,1.66,0.22,7.00,99.52,88.52,100.00,1.59,0.20,8.00,100.00,89.00,100.00,1.57,0.19,8.00,99.04,89.95,100.00,1.81,0.19,8.00,99.52,93.78,100.00,1.70,0.19,8.00,99.52,90.91,100.00,1.55,0.17,9.00,98.08,90.91,100.00,1.50,0.17,9.00,96.63,89.47,100.00,1.51,0.17,9.00,96.63,89.95,100.00,1.49,0.15,10.00,96.68,91.04,100.00,1.52,0.15,10.00,96.68,91.51,100.00,1.55,0.15,10.00,96.24,92.06,100.00,1.62,0.14,11,97,93,100
FRANCE,FRA,1.31,0.22,6.00,88.94,75.60,99.52,1.14,0.23,6.00,85.58,70.33,97.13,1.16,0.22,7.00,86.06,72.25,95.69,1.12,0.20,8.00,85.10,71.29,95.69,1.09,0.19,8.00,85.58,70.81,94.26,1.44,0.19,8.00,91.35,84.69,99.04,1.47,0.18,9.00,94.23,87.56,100.00,1.30,0.16,11.00,91.83,81.34,98.09,1.26,0.15,12.00,91.35,79.90,96.17,1.31,0.15,12.00,91.35,82.78,98.09,1.24,0.15,12.00,91.47,77.83,95.75,1.20,0.15,11.00,88.63,75.94,94.81,1.17,0.14,12.00,86.85,74.77,93.93,1.22,0.13,12,90,78,94
FRENCH GUIANA,GUF,0.46,0.41,1.00,62.50,43.06,85.17,0.45,0.47,1.00,62.02,40.19,88.04,0.44,0.47,1.00,61.06,40.19,87.56,0.40,0.51,1.00,60.10,37.80,89.00,0.41,0.48,1.00,60.58,36.84,88.04,0.47,0.39,1.00,63.46,43.54,84.69,0.40,0.42,1.00,61.06,38.76,83.73,0.35,0.51,1.00,57.69,32.54,89.00,0.34,0.53,1.00,57.21,31.58,89.00,0.35,0.53,1.00,58.17,32.06,89.00,1.06,0.26,2.00,82.46,67.92,96.23,1.11,0.24,2.00,84.36,68.87,96.23,1.09,0.23,2.00,83.57,69.63,95.33,1.11,0.21,2,85,71,94
GABON,GAB,-0.32,0.22,5.00,40.38,27.75,52.63,-0.41,0.23,5.00,36.54,25.84,49.76,-0.49,0.21,6.00,33.17,23.92,47.85,-0.55,0.19,7.00,30.77,22.97,41.63,-0.68,0.18,7.00,26.92,21.53,38.28,-0.81,0.18,8.00,25.00,18.66,33.01,-0.88,0.18,8.00,23.08,13.88,30.14,-0.99,0.16,9.00,21.15,11.48,27.75,-0.89,0.15,10.00,23.56,15.79,29.67,-0.85,0.15,10.00,24.52,16.75,29.19,-1.00,0.15,10.00,20.38,12.74,28.77,-0.89,0.14,10.00,24.64,14.15,29.72,-0.92,0.14,10.00,23.94,14.02,28.97,-0.85,0.14,11,24,17,29
"GAMBIA, THE",GMB,-1.32,0.24,4.00,11.06,4.31,20.57,-0.98,0.26,4.00,20.19,9.09,33.97,-1.14,0.23,5.00,15.87,7.66,26.79,-0.64,0.21,6.00,29.33,20.10,41.15,-0.38,0.20,7.00,37.50,26.32,44.98,-0.60,0.21,8.00,29.81,21.53,41.15,-0.97,0.19,9.00,20.19,11.00,28.23,-0.87,0.16,10.00,25.00,17.22,30.62,-0.88,0.15,10.00,24.04,15.79,30.14,-0.85,0.16,10.00,24.04,16.75,29.19,-1.01,0.15,10.00,18.96,12.74,28.77,-1.09,0.15,10.00,16.11,11.32,26.42,-1.20,0.15,10.00,13.62,8.41,22.43,-1.25,0.15,10,14,7,19
GEORGIA,GEO,-0.40,0.30,3.00,36.06,20.57,54.07,-0.46,0.30,3.00,35.58,21.53,51.67,-0.30,0.24,4.00,41.35,27.75,51.67,-0.55,0.19,5.00,31.73,22.97,41.63,-0.21,0.18,6.00,40.38,33.49,48.80,-0.15,0.19,8.00,44.71,34.45,55.50,-0.12,0.18,9.00,46.63,33.97,56.46,-0.14,0.14,12.00,43.75,35.89,51.20,-0.29,0.14,12.00,37.50,32.06,46.89,-0.29,0.14,12.00,38.94,32.06,46.89,-0.22,0.14,12.00,41.23,33.96,48.58,-0.18,0.14,12.00,42.18,34.91,50.47,-0.21,0.14,12.00,41.78,33.64,51.40,-0.02,0.12,14,49,42,56
GERMANY,DEU,1.33,0.22,6.00,90.38,75.60,99.52,1.29,0.23,6.00,88.94,75.12,100.00,1.32,0.22,7.00,89.90,77.51,99.52,1.41,0.20,8.00,94.71,82.78,100.00,1.36,0.19,8.00,93.75,80.86,100.00,1.47,0.19,8.00,93.27,87.08,99.04,1.46,0.19,8.00,93.75,85.65,100.00,1.39,0.16,10.00,93.27,86.12,100.00,1.35,0.15,11.00,93.27,84.69,100.00,1.35,0.15,11.00,93.75,84.69,100.00,1.35,0.15,11.00,92.89,84.43,100.00,1.31,0.15,11.00,92.42,81.60,97.17,1.35,0.14,13.00,93.43,85.98,96.73,1.38,0.13,13,93,87,96
GHANA,GHA,-0.34,0.22,5.00,39.42,26.79,52.15,-0.36,0.23,5.00,37.98,27.27,51.67,-0.08,0.21,6.00,49.52,34.93,56.46,-0.06,0.17,9.00,46.15,41.15,54.07,0.28,0.16,10.00,55.29,46.41,63.64,0.15,0.16,11.00,55.29,46.41,61.24,0.24,0.15,13.00,57.21,50.72,63.64,0.37,0.12,15.00,58.65,53.59,64.11,0.46,0.12,15.00,60.10,55.50,67.94,0.38,0.13,16.00,58.65,54.55,66.51,0.49,0.11,17.00,62.09,56.60,67.92,0.49,0.11,17.00,62.56,57.08,67.92,0.47,0.11,18.00,62.44,56.54,67.76,0.41,0.11,18,60,57,66
GREECE,GRC,0.97,0.22,6.00,75.96,65.55,90.43,1.09,0.23,6.00,82.21,68.42,93.78,0.98,0.22,7.00,77.88,66.03,90.43,0.99,0.20,8.00,76.44,68.42,91.87,1.06,0.19,8.00,83.65,70.33,93.78,1.14,0.19,8.00,85.10,75.12,91.87,1.03,0.19,8.00,81.25,71.29,89.95,0.94,0.16,10.00,77.40,69.38,89.00,0.96,0.16,10.00,76.44,68.90,89.47,0.90,0.16,10.00,73.56,68.42,86.60,0.86,0.15,10.00,72.99,67.92,85.85,0.88,0.13,11.00,73.46,67.92,82.55,0.78,0.13,11.00,70.89,65.89,76.64,0.65,0.12,12,67,62,74
GREENLAND,GRL,#N/A,#N/A,#N/A,#N/A,#N/A,#N/A,#N/A,#N/A,#N/A,#N/A,#N/A,#N/A,#N/A,#N/A,#N/A,#N/A,#N/A,#N/A,#N/A,#N/A,#N/A,#N/A,#N/A,#N/A,#N/A,#N/A,#N/A,#N/A,#N/A,#N/A,#N/A,#N/A,#N/A,#N/A,#N/A,#N/A,#N/A,#N/A,#N/A,#N/A,#N/A,#N/A,#N/A,#N/A,#N/A,#N/A,#N/A,#N/A,#N/A,#N/A,#N/A,#N/A,#N/A,#N/A,#N/A,#N/A,#N/A,#N/A,#N/A,#N/A,1.20,0.29,1.00,89.10,68.87,100.00,1.24,0.26,1.00,90.52,71.70,100.00,1.24,0.25,1.00,90.61,71.96,99.53,1.24,0.23,1,91,74,96
GRENADA,GRD,0.57,0.30,3.00,65.38,53.11,81.82,0.70,0.30,3.00,67.79,55.02,87.08,0.69,0.30,3.00,69.23,55.50,87.56,0.81,0.27,3.00,71.63,58.37,89.00,0.84,0.27,3.00,72.12,60.29,90.43,0.61,0.26,5.00,67.79,55.50,82.78,0.60,0.27,4.00,66.83,54.55,82.78,0.73,0.23,4.00,70.19,56.94,86.12,0.84,0.23,3.00,72.60,59.81,89.47,0.87,0.23,3.00,73.08,61.72,90.91,0.85,0.23,4.00,72.04,61.32,90.09,0.82,0.23,4.00,72.04,60.85,89.15,0.79,0.23,4.00,71.36,60.28,86.92,0.78,0.25,3,72,58,87
GUAM,GUM,#N/A,#N/A,#N/A,#N/A,#N/A,#N/A,#N/A,#N/A,#N/A,#N/A,#N/A,#N/A,#N/A,#N/A,#N/A,#N/A,#N/A,#N/A,#N/A,#N/A,#N/A,#N/A,#N/A,#N/A,#N/A,#N/A,#N/A,#N/A,#N/A,#N/A,0.56,0.39,1.00,65.87,46.41,89.00,0.64,0.42,1.00,69.23,47.85,89.95,0.58,0.51,1.00,66.83,39.23,95.22,1.01,0.53,1.00,79.81,53.59,100.00,1.00,0.53,1.00,80.29,53.59,100.00,1.00,0.52,1.00,77.25,54.25,100.00,0.81,0.49,1.00,71.56,48.58,99.06,0.82,0.46,1.00,72.77,52.80,96.73,0.84,0.44,1,73,55,96
GUATEMALA,GTM,-0.26,0.21,6.00,41.83,31.10,53.11,-0.28,0.22,6.00,41.83,30.62,52.15,-0.37,0.21,7.00,38.46,27.75,50.24,-0.44,0.17,9.00,37.98,26.79,44.02,-0.53,0.15,10.00,32.69,26.32,39.71,-0.31,0.15,12.00,38.46,31.58,46.89,-0.34,0.15,13.00,36.54,30.14,46.89,-0.19,0.12,16.00,41.35,34.93,46.41,-0.20,0.12,16.00,42.79,35.41,47.37,-0.23,0.11,16.00,41.83,34.45,47.37,-0.27,0.12,15.00,39.81,33.02,46.23,-0.33,0.11,16.00,35.55,30.19,42.92,-0.35,0.11,17.00,36.62,30.84,44.39,-0.39,0.11,17,36,30,42
GUINEA,GIN,-1.35,0.24,4.00,10.10,4.31,20.57,-1.19,0.26,4.00,12.98,3.83,26.79,-1.18,0.23,5.00,13.46,6.70,24.40,-1.33,0.18,7.00,11.06,5.74,19.62,-1.22,0.17,7.00,15.38,8.13,22.49,-1.28,0.19,8.00,12.50,5.74,20.10,-1.14,0.18,9.00,14.90,8.13,24.40,-1.24,0.14,10.00,11.54,8.61,20.10,-1.39,0.14,10.00,9.13,6.22,15.31,-1.45,0.14,11.00,9.13,4.31,14.35,-1.30,0.14,11.00,10.43,7.55,16.51,-0.95,0.14,11.00,21.33,13.68,29.25,-0.97,0.14,11.00,19.72,14.02,27.10,-1.08,0.13,13,17,12,24
GUINEA-BISSAU,GNB,-1.16,0.24,4.00,13.94,6.70,24.40,-1.14,0.28,3.00,14.42,4.78,29.19,-0.76,0.23,5.00,26.44,15.31,37.80,-0.75,0.21,6.00,25.48,18.18,39.23,-1.13,0.20,6.00,17.79,9.09,25.84,-0.85,0.21,7.00,23.56,15.31,33.01,-0.37,0.21,7.00,36.06,27.27,48.80,-0.70,0.17,8.00,28.37,21.53,33.01,-0.79,0.16,8.00,25.48,18.66,31.58,-0.79,0.16,8.00,25.48,17.70,32.06,-0.81,0.16,8.00,26.07,16.51,30.66,-0.90,0.16,8.00,23.70,13.68,30.19,-0.95,0.16,8.00,22.07,13.55,28.50,-1.41,0.15,8,9,4,15
GUYANA,GUY,0.26,0.24,4.00,58.65,46.89,68.42,0.40,0.26,4.00,60.58,49.76,72.25,0.51,0.25,4.00,63.94,51.67,75.60,0.62,0.24,4.00,66.83,54.55,78.47,0.57,0.24,4.00,64.42,52.15,76.56,0.14,0.24,5.00,54.81,41.63,64.59,-0.18,0.20,7.00,43.27,30.62,54.55,0.08,0.14,9.00,50.48,42.58,56.46,0.09,0.14,10.00,50.48,44.02,56.94,0.10,0.14,9.00,51.44,44.98,57.89,0.09,0.14,10.00,52.61,43.87,56.60,0.05,0.13,10.00,50.71,42.45,55.66,0.03,0.13,10.00,51.64,42.99,56.54,-0.01,0.14,11,49,41,56
HAITI,HTI,-0.84,0.24,4.00,22.12,13.88,35.41,-0.77,0.26,4.00,26.44,12.92,39.71,-0.87,0.25,4.00,22.12,11.48,33.97,-1.33,0.18,7.00,11.54,5.74,19.62,-1.29,0.17,8.00,11.54,7.18,21.53,-1.37,0.18,8.00,9.13,5.26,18.66,-1.25,0.19,8.00,11.54,6.22,22.97,-0.75,0.13,10.00,25.48,21.53,32.06,-0.65,0.13,10.00,29.81,24.40,34.45,-0.63,0.12,11.00,28.85,25.36,34.45,-0.68,0.12,12.00,29.86,24.53,32.55,-0.73,0.12,12.00,28.44,22.17,30.19,-0.78,0.12,13.00,26.76,18.69,29.44,-0.80,0.12,13,25,19,30
HONDURAS,HND,-0.35,0.21,6.00,38.46,27.27,51.20,-0.11,0.22,6.00,47.12,34.93,55.98,-0.19,0.21,7.00,46.63,32.06,52.63,-0.21,0.17,8.00,42.79,35.41,50.72,-0.17,0.17,9.00,41.35,35.41,50.24,-0.32,0.15,12.00,37.98,31.58,46.89,-0.31,0.15,13.00,37.02,30.14,47.85,-0.18,0.12,14.00,42.31,34.93,46.89,-0.24,0.13,14.00,39.90,34.45,46.89,-0.35,0.12,14.00,35.58,30.62,44.50,-0.55,0.12,15.00,30.33,29.25,35.38,-0.51,0.12,15.00,30.81,29.25,35.85,-0.51,0.12,15.00,31.46,28.50,38.79,-0.51,0.12,15,33,28,39
"HONG KONG SAR, CHINA",HKG,0.31,0.23,5.00,60.10,49.76,69.38,-0.15,0.25,5.00,45.67,33.97,55.98,-0.06,0.23,6.00,50.00,34.45,58.85,0.12,0.21,7.00,51.44,42.11,60.77,0.33,0.21,7.00,57.21,45.93,67.46,0.58,0.20,7.00,66.83,56.46,77.99,0.56,0.20,7.00,64.90,56.94,75.12,0.52,0.17,9.00,62.50,55.50,72.25,0.48,0.17,9.00,60.58,55.02,69.86,0.45,0.16,9.00,60.58,55.02,69.38,0.47,0.16,9.00,61.14,55.66,68.87,0.51,0.16,9.00,63.03,55.66,69.81,0.56,0.15,10.00,65.73,57.48,71.50,0.62,0.14,10,67,60,73
HUNGARY,HUN,1.01,0.22,6.00,77.88,66.99,90.91,1.08,0.23,6.00,81.73,67.94,93.78,1.16,0.22,7.00,87.02,72.25,95.69,1.16,0.17,9.00,87.02,72.73,95.22,1.13,0.17,9.00,87.02,72.73,94.26,1.14,0.17,9.00,85.58,76.56,90.91,1.16,0.17,9.00,86.54,73.21,92.34,1.02,0.14,11.00,78.85,72.25,90.43,1.04,0.14,11.00,80.77,71.29,91.39,0.96,0.14,12.00,76.44,69.38,87.56,0.90,0.14,12.00,74.88,67.92,86.32,0.90,0.14,12.00,75.36,68.40,85.38,0.82,0.14,12.00,73.24,67.29,80.37,0.72,0.12,13,70,65,75
ICELAND,ISL,1.50,0.24,5.00,94.23,83.73,100.00,1.48,0.26,5.00,94.71,79.90,100.00,1.55,0.24,6.00,96.63,86.12,100.00,1.50,0.22,7.00,97.12,85.17,100.00,1.55,0.22,7.00,98.56,87.56,100.00,1.64,0.23,7.00,96.15,89.00,100.00,1.59,0.22,7.00,97.12,88.52,100.00,1.49,0.17,8.00,96.15,89.47,100.00,1.47,0.17,8.00,96.15,88.52,100.00,1.47,0.17,8.00,96.15,87.56,100.00,1.44,0.17,8.00,95.73,87.26,100.00,1.48,0.16,9.00,95.73,89.62,100.00,1.45,0.16,9.00,95.31,87.38,100.00,1.46,0.15,10,95,89,99
INDIA,IND,0.40,0.22,6.00,62.02,52.63,71.77,0.28,0.23,6.00,57.21,47.37,66.51,0.26,0.22,7.00,56.25,48.80,66.03,0.36,0.17,9.00,58.17,50.72,67.46,0.39,0.17,9.00,59.13,50.24,67.94,0.38,0.17,10.00,61.06,51.20,68.90,0.39,0.17,11.00,60.10,54.07,69.86,0.42,0.13,14.00,59.13,54.55,67.46,0.43,0.13,14.00,59.13,55.02,67.46,0.44,0.13,14.00,60.10,55.50,68.42,0.45,0.13,14.00,60.19,55.66,67.92,0.43,0.13,14.00,60.66,55.66,67.92,0.39,0.13,15.00,60.09,55.14,66.82,0.35,0.12,15,58,56,65
INDONESIA,IDN,-0.81,0.22,6.00,23.56,13.88,35.41,-1.04,0.23,6.00,17.31,9.09,30.14,-0.44,0.22,7.00,34.13,24.40,48.80,-0.39,0.17,9.00,39.42,28.71,45.45,-0.38,0.15,10.00,37.02,28.71,43.54,-0.29,0.16,11.00,40.38,31.58,47.37,-0.16,0.15,12.00,45.19,35.41,54.07,-0.14,0.12,15.00,43.27,36.84,49.76,-0.07,0.12,15.00,46.63,38.28,53.59,-0.06,0.12,15.00,46.63,41.15,52.63,-0.03,0.12,15.00,46.92,41.04,54.72,-0.07,0.12,15.00,47.87,38.21,53.77,-0.05,0.11,16.00,47.42,41.12,54.67,0.03,0.11,16,51,43,56
"IRAN, ISLAMIC REP.",IRN,-0.87,0.22,5.00,20.67,13.88,33.97,-0.85,0.23,5.00,23.08,12.44,35.41,-0.92,0.23,5.00,21.15,11.48,31.58,-1.11,0.18,7.00,17.79,10.53,23.92,-1.32,0.17,7.00,10.10,6.70,21.53,-1.23,0.15,10.00,14.42,7.66,20.10,-1.30,0.16,10.00,10.10,6.22,17.70,-1.47,0.12,12.00,8.17,6.70,11.48,-1.53,0.12,11.00,7.69,4.31,9.57,-1.54,0.12,11.00,7.21,4.31,10.05,-1.55,0.12,11.00,6.64,4.25,9.91,-1.57,0.12,12.00,6.16,3.77,9.91,-1.54,0.12,12.00,6.57,4.67,10.28,-1.57,0.12,12,6,4,9
IRAQ,IRQ,-1.96,0.22,5.00,0.48,0.00,6.22,-1.92,0.23,5.00,1.92,0.00,7.18,-1.99,0.23,5.00,0.96,0.00,4.78,-2.04,0.18,7.00,0.48,0.00,3.35,-1.46,0.18,6.00,9.13,4.31,16.75,-1.68,0.17,7.00,4.33,1.44,8.61,-1.40,0.17,8.00,9.13,4.78,15.31,-1.40,0.15,8.00,9.13,7.18,15.79,-1.23,0.14,8.00,12.50,8.61,20.10,-1.20,0.14,10.00,14.42,10.05,21.05,-1.10,0.14,12.00,15.64,9.91,24.53,-1.06,0.13,12.00,17.54,12.26,26.42,-1.15,0.14,11.00,14.08,10.28,23.83,-1.13,0.13,12,16,10,23
IRELAND,IRL,1.40,0.22,6.00,91.35,79.90,100.00,1.37,0.23,6.00,91.83,76.56,100.00,1.44,0.22,7.00,93.27,83.25,100.00,1.26,0.20,8.00,89.42,73.68,100.00,1.22,0.19,8.00,89.90,75.12,98.09,1.49,0.19,8.00,94.23,89.00,99.52,1.61,0.19,8.00,97.60,89.95,100.00,1.42,0.16,10.00,94.71,86.60,100.00,1.42,0.16,10.00,95.67,87.08,100.00,1.45,0.16,10.00,95.67,87.56,100.00,1.37,0.15,10.00,93.84,85.85,100.00,1.34,0.15,10.00,93.36,83.02,99.06,1.32,0.15,11.00,92.49,82.71,96.26,1.32,0.15,11,92,83,96
ISRAEL,ISR,0.65,0.22,6.00,67.79,58.85,77.99,0.55,0.23,6.00,65.38,53.59,75.60,0.64,0.22,7.00,66.35,56.46,78.95,0.52,0.20,8.00,63.94,53.11,72.73,0.58,0.19,8.00,64.90,54.07,75.12,0.63,0.19,8.00,68.27,57.42,78.95,0.61,0.19,8.00,67.31,58.85,77.03,0.76,0.15,11.00,72.12,62.68,78.47,0.72,0.15,11.00,69.71,60.29,77.03,0.70,0.15,11.00,69.23,60.77,76.08,0.55,0.15,10.00,63.98,56.60,70.28,0.56,0.15,10.00,65.88,57.08,71.70,0.64,0.15,10.00,67.61,60.28,74.30,0.61,0.15,10,66,58,74
ITALY,ITA,1.13,0.22,6.00,85.10,71.77,93.78,1.04,0.23,6.00,78.85,66.51,92.82,1.02,0.22,7.00,79.33,67.46,91.39,1.02,0.20,8.00,78.85,68.90,92.34,0.95,0.19,8.00,76.44,66.03,90.43,1.16,0.19,8.00,87.02,75.60,92.82,1.02,0.19,8.00,80.77,71.29,89.95,1.05,0.16,10.00,82.21,72.25,91.87,1.10,0.15,11.00,85.10,73.68,93.30,1.02,0.15,11.00,81.25,69.86,90.91,1.03,0.15,12.00,80.57,70.28,91.51,0.95,0.12,13.00,75.83,69.34,86.79,0.90,0.12,14.00,74.65,68.22,84.58,0.89,0.12,14,74,69,83
JAMAICA,JAM,0.56,0.22,5.00,64.42,55.02,75.12,0.71,0.23,5.00,68.75,58.37,82.30,0.67,0.22,6.00,67.79,56.46,79.90,0.58,0.18,7.00,64.90,55.02,72.73,0.53,0.17,8.00,63.46,54.07,70.81,0.44,0.17,9.00,61.54,55.50,72.25,0.46,0.17,9.00,63.46,55.50,71.29,0.59,0.15,11.00,67.31,56.94,74.64,0.60,0.15,10.00,66.83,57.89,71.77,0.53,0.15,10.00,62.98,56.94,69.86,0.55,0.15,11.00,63.51,56.60,70.28,0.42,0.14,11.00,59.24,55.19,67.92,0.42,0.14,12.00,60.56,55.14,67.76,0.43,0.13,13,61,56,67
JAPAN,JPN,1.05,0.22,6.00,80.77,69.38,91.39,0.89,0.23,6.00,74.04,64.59,88.52,0.92,0.22,7.00,75.48,65.55,88.04,0.99,0.20,8.00,75.96,68.42,91.87,1.03,0.19,8.00,80.77,69.38,93.30,1.03,0.19,8.00,82.69,71.77,90.43,1.00,0.19,8.00,79.33,70.81,89.95,0.94,0.16,10.00,76.92,69.38,89.00,0.95,0.15,11.00,75.96,69.38,88.52,0.92,0.15,11.00,75.00,68.42,87.08,1.02,0.15,11.00,79.62,69.34,91.51,1.04,0.15,11.00,80.09,70.75,91.51,1.06,0.14,11.00,81.69,73.36,92.06,1.09,0.14,11,83,74,92
"JERSEY, CHANNEL ISLANDS",JEY,#N/A,#N/A,#N/A,#N/A,#N/A,#N/A,#N/A,#N/A,#N/A,#N/A,#N/A,#N/A,#N/A,#N/A,#N/A,#N/A,#N/A,#N/A,#N/A,#N/A,#N/A,#N/A,#N/A,#N/A,#N/A,#N/A,#N/A,#N/A,#N/A,#N/A,#N/A,#N/A,#N/A,#N/A,#N/A,#N/A,#N/A,#N/A,#N/A,#N/A,#N/A,#N/A,#N/A,#N/A,#N/A,#N/A,#N/A,#N/A,#N/A,#N/A,#N/A,#N/A,#N/A,#N/A,#N/A,#N/A,#N/A,#N/A,#N/A,#N/A,#N/A,#N/A,#N/A,#N/A,#N/A,#N/A,#N/A,#N/A,#N/A,#N/A,#N/A,#N/A,1.24,0.25,1.00,90.61,71.96,99.53,1.24,0.23,1,91,74,96
JORDAN,JOR,-0.17,0.22,5.00,45.67,33.01,55.02,-0.35,0.23,5.00,38.94,28.71,51.67,-0.19,0.22,6.00,46.15,31.58,53.11,-0.76,0.17,8.00,25.00,19.62,35.89,-0.68,0.15,10.00,27.40,22.49,35.89,-0.54,0.15,12.00,32.69,25.36,39.71,-0.51,0.15,13.00,31.25,26.79,39.71,-0.69,0.12,15.00,28.85,24.88,32.54,-0.65,0.12,16.00,29.33,24.88,34.45,-0.72,0.11,16.00,27.88,22.01,31.58,-0.78,0.11,15.00,27.49,20.75,30.19,-0.80,0.11,15.00,27.49,19.81,30.19,-0.79,0.11,16.00,26.29,19.63,28.97,-0.73,0.11,17,27,23,31
KAZAKHSTAN,KAZ,-1.01,0.26,4.00,18.27,8.61,31.58,-0.74,0.23,5.00,27.88,15.31,38.76,-0.96,0.19,7.00,20.67,11.96,29.67,-1.09,0.16,8.00,18.27,11.00,23.92,-1.15,0.16,8.00,16.83,10.05,24.40,-1.12,0.16,9.00,17.79,8.61,23.44,-1.00,0.16,11.00,19.23,11.00,26.79,-1.14,0.13,13.00,16.83,10.05,22.01,-1.13,0.13,13.00,15.87,9.57,21.53,-1.05,0.13,14.00,18.27,12.44,25.36,-1.04,0.13,14.00,17.54,12.74,25.94,-1.10,0.13,14.00,15.17,11.32,24.53,-1.09,0.13,14.00,16.90,11.68,24.77,-1.15,0.12,15,16,10,21
KENYA,KEN,-0.67,0.22,5.00,28.37,17.70,40.67,-0.98,0.23,5.00,20.67,10.53,31.58,-0.90,0.21,6.00,21.63,11.96,31.58,-0.75,0.17,9.00,25.96,20.10,36.84,-0.25,0.15,11.00,39.90,33.97,45.93,-0.17,0.15,12.00,43.75,35.89,51.20,-0.20,0.14,14.00,41.83,33.97,53.11,-0.14,0.11,17.00,42.79,36.84,48.33,-0.24,0.11,17.00,39.42,35.41,46.89,-0.29,0.11,17.00,39.42,33.01,45.45,-0.34,0.11,17.00,35.55,30.66,43.87,-0.23,0.11,17.00,39.81,34.91,48.58,-0.28,0.11,18.00,39.44,32.71,46.73,-0.30,0.11,18,39,34,45
KIRIBATI,KIR,1.15,0.40,2.00,85.58,63.64,100.00,1.16,0.36,2.00,86.54,66.03,100.00,1.13,0.36,2.00,85.10,64.59,99.52,1.08,0.30,2.00,81.73,65.07,99.52,0.97,0.31,2.00,77.88,61.24,96.17,0.53,0.28,3.00,64.42,51.20,80.38,0.25,0.28,3.00,58.17,41.63,70.81,0.74,0.24,3.00,70.67,56.94,86.12,0.68,0.23,3.00,68.75,56.94,81.82,0.78,0.23,3.00,70.19,58.85,86.60,0.69,0.23,4.00,68.25,56.60,82.55,0.68,0.23,4.00,68.72,56.60,81.60,0.84,0.23,4.00,73.71,61.68,89.72,0.77,0.24,4,71,58,87
"KOREA, DEM. REP.",PRK,-1.94,0.24,4.00,0.96,0.00,7.18,-2.11,0.26,4.00,0.00,0.00,3.83,-2.13,0.25,4.00,0.00,0.00,3.83,-2.14,0.19,6.00,0.00,0.00,1.91,-2.23,0.19,6.00,0.00,0.00,1.44,-2.10,0.18,8.00,0.48,0.00,2.39,-2.20,0.18,8.00,0.48,0.00,2.39,-2.28,0.15,8.00,0.00,0.00,1.91,-2.20,0.15,7.00,0.00,0.00,2.39,-2.18,0.15,7.00,0.00,0.00,2.39,-2.24,0.15,8.00,0.00,0.00,2.83,-2.19,0.15,8.00,0.00,0.00,2.83,-2.20,0.15,8.00,0.00,0.00,2.34,-2.17,0.14,7,1,0,2
"KOREA, REP.",KOR,0.62,0.22,6.00,65.87,58.37,76.56,0.54,0.23,6.00,64.90,53.11,75.60,0.56,0.22,7.00,64.90,55.50,75.12,0.70,0.17,9.00,68.75,60.29,75.12,0.66,0.17,9.00,67.31,58.85,75.60,0.69,0.17,9.00,70.19,61.24,80.38,0.71,0.17,10.00,71.15,62.20,78.47,0.64,0.14,12.00,67.79,58.85,74.64,0.66,0.14,12.00,67.79,59.33,74.16,0.62,0.14,12.00,68.27,58.85,72.25,0.69,0.14,13.00,68.72,61.32,75.00,0.73,0.13,13.00,69.19,63.21,75.47,0.70,0.13,14.00,69.01,63.55,74.77,0.69,0.12,13,70,64,74
KOSOVO,KSV,-1.77,0.47,1.00,3.37,0.00,18.66,-1.33,0.43,1.00,11.06,0.96,31.10,-0.77,0.28,2.00,25.00,12.44,41.15,-0.52,0.27,2.00,34.13,20.57,45.93,-0.47,0.26,2.00,34.13,24.40,44.98,-0.45,0.31,2.00,35.10,20.57,51.20,-0.47,0.29,3.00,33.17,22.49,51.20,-0.57,0.24,4.00,30.77,21.53,42.58,-0.32,0.18,5.00,36.54,30.14,47.37,-0.32,0.18,5.00,37.50,29.19,48.33,-0.11,0.18,7.00,44.55,34.43,55.19,-0.20,0.15,8.00,41.23,34.91,50.47,-0.24,0.15,8.00,40.85,32.24,50.00,-0.22,0.15,8,42,34,51
KUWAIT,KWT,-0.20,0.22,5.00,44.71,31.58,54.55,-0.27,0.23,5.00,42.79,30.14,52.63,-0.24,0.23,5.00,43.75,30.14,52.15,-0.35,0.20,7.00,40.38,28.23,48.33,-0.42,0.20,6.00,36.06,26.32,44.98,-0.29,0.18,7.00,39.90,30.14,49.76,-0.49,0.17,9.00,32.21,26.79,40.19,-0.55,0.14,11.00,31.25,25.36,36.84,-0.52,0.14,11.00,31.73,27.75,37.32,-0.52,0.14,11.00,31.73,27.75,38.76,-0.46,0.14,11.00,33.65,29.72,41.04,-0.51,0.13,11.00,31.28,29.25,37.26,-0.54,0.14,10.00,30.52,27.10,38.79,-0.62,0.14,10,29,25,35
KYRGYZ REPUBLIC,KGZ,-0.82,0.30,3.00,22.60,11.96,40.67,-0.82,0.30,3.00,25.00,11.96,40.19,-1.12,0.24,4.00,16.83,8.13,26.79,-1.02,0.18,6.00,19.71,12.44,26.32,-1.06,0.18,6.00,21.15,10.05,26.32,-1.00,0.19,7.00,19.23,9.57,27.27,-0.81,0.19,8.00,25.00,15.31,32.06,-0.73,0.14,11.00,27.40,21.53,32.06,-0.95,0.14,12.00,20.67,14.35,28.71,-1.08,0.14,12.00,17.31,10.53,25.36,-1.00,0.14,12.00,19.91,12.74,28.77,-0.96,0.14,12.00,20.38,13.68,28.77,-0.73,0.14,12.00,27.70,21.50,31.31,-0.64,0.13,12,28,25,34
LAO PDR,LAO,-0.94,0.30,3.00,20.19,8.61,34.93,-1.13,0.30,3.00,14.90,3.83,30.62,-1.13,0.30,3.00,16.35,4.78,30.14,-1.71,0.20,5.00,3.37,0.48,10.53,-1.82,0.20,5.00,2.40,0.48,8.61,-1.53,0.19,7.00,6.73,1.91,15.31,-1.62,0.20,7.00,5.77,2.39,10.05,-1.67,0.13,9.00,6.73,2.87,8.61,-1.65,0.14,9.00,5.77,3.83,9.09,-1.65,0.13,9.00,4.81,3.83,10.05,-1.64,0.13,10.00,5.69,3.30,9.43,-1.62,0.12,10.00,5.69,3.77,9.43,-1.61,0.12,10.00,5.16,3.74,9.81,-1.58,0.13,10,5,4,10
LATVIA,LVA,0.63,0.26,4.00,66.35,55.50,81.82,0.76,0.23,5.00,70.67,59.81,85.65,0.67,0.22,6.00,68.27,58.37,79.90,0.81,0.18,7.00,72.60,63.64,83.73,0.74,0.17,8.00,70.19,61.24,80.38,0.69,0.17,8.00,69.71,61.24,80.38,0.77,0.18,8.00,72.12,63.64,83.25,0.82,0.15,9.00,74.04,65.07,84.21,0.81,0.14,10.00,71.63,65.55,80.38,0.75,0.14,10.00,69.71,62.68,76.56,0.84,0.14,11.00,71.56,67.92,82.55,0.77,0.14,10.00,70.14,65.09,76.42,0.71,0.14,10.00,69.48,63.55,74.77,0.74,0.14,10,71,65,77
LEBANON,LBN,-0.29,0.23,4.00,41.35,28.23,53.11,-0.36,0.25,4.00,38.46,26.32,51.67,-0.29,0.24,4.00,42.31,27.75,51.67,-0.72,0.17,8.00,26.44,20.10,38.28,-0.55,0.17,7.00,31.73,25.84,39.71,-0.43,0.16,9.00,35.58,26.79,44.50,-0.29,0.17,9.00,39.42,30.14,50.24,-0.41,0.13,12.00,33.65,30.62,40.67,-0.50,0.13,13.00,33.17,29.19,37.32,-0.46,0.13,13.00,34.13,28.71,41.63,-0.38,0.12,14.00,35.07,30.19,41.98,-0.35,0.11,15.00,35.07,30.19,42.45,-0.42,0.11,16.00,34.27,28.97,41.12,-0.42,0.11,15,35,30,42
LESOTHO,LSO,-0.53,0.30,3.00,32.69,17.70,51.20,-0.74,0.33,2.00,27.40,11.96,43.54,-0.35,0.27,4.00,39.42,24.40,51.67,-0.01,0.24,5.00,48.56,39.23,58.85,0.05,0.22,6.00,48.08,39.71,60.29,-0.14,0.23,7.00,45.67,33.01,56.46,-0.16,0.22,7.00,44.71,31.10,56.94,0.15,0.17,9.00,52.88,44.02,59.33,-0.02,0.15,10.00,47.12,38.28,55.02,-0.11,0.15,10.00,45.19,35.41,53.11,-0.12,0.15,10.00,44.08,35.38,53.30,-0.14,0.15,10.00,43.13,34.91,53.30,-0.13,0.15,10.00,45.07,35.98,54.21,0.04,0.14,11,52,42,57
LIBERIA,LBR,-1.49,0.24,4.00,8.17,2.39,15.79,-1.02,0.26,4.00,18.27,8.61,32.06,-1.16,0.23,5.00,13.94,7.18,24.88,-1.38,0.18,7.00,10.58,4.31,18.18,-1.53,0.17,7.00,7.69,2.87,14.35,-1.31,0.19,8.00,11.06,5.74,19.14,-0.30,0.19,7.00,37.50,29.19,51.67,-0.19,0.14,9.00,40.87,33.01,47.37,-0.20,0.13,12.00,42.31,35.41,47.85,-0.24,0.13,14.00,41.35,33.97,47.85,-0.20,0.12,15.00,41.71,34.43,48.58,-0.26,0.11,15.00,38.86,34.91,47.64,-0.32,0.11,16.00,38.50,31.78,44.86,-0.36,0.11,18,36,31,43
LIBYA,LBY,-1.40,0.22,5.00,9.13,3.83,17.70,-1.59,0.23,5.00,5.77,1.44,12.92,-1.59,0.21,6.00,5.29,1.91,12.44,-1.79,0.17,8.00,2.40,0.48,8.13,-1.76,0.16,8.00,3.85,0.96,8.61,-1.80,0.15,10.00,2.88,0.96,6.22,-1.88,0.15,10.00,2.40,1.44,5.74,-1.94,0.12,10.00,2.40,0.96,4.78,-1.90,0.12,11.00,2.88,1.44,5.26,-1.88,0.12,11.00,3.37,1.44,4.31,-1.86,0.12,12.00,2.84,2.36,4.25,-1.89,0.12,12.00,2.84,1.42,4.72,-1.55,0.12,10.00,6.10,4.21,10.28,-0.94,0.12,12,21,16,27
LIECHTENSTEIN,LIE,1.54,0.30,3.00,96.15,79.90,100.00,1.50,0.30,3.00,96.15,77.51,100.00,1.50,0.30,3.00,95.19,78.95,100.00,1.31,0.27,3.00,91.35,72.73,100.00,1.33,0.27,3.00,93.27,75.12,100.00,1.39,0.28,3.00,90.87,78.95,100.00,1.45,0.28,3.00,93.27,79.90,100.00,1.25,0.24,3.00,90.87,74.64,100.00,1.31,0.23,3.00,91.83,75.12,100.00,1.34,0.23,3.00,92.31,76.56,100.00,1.53,0.18,4.00,97.63,90.09,100.00,1.58,0.18,4.00,98.10,91.51,100.00,1.57,0.17,4.00,96.71,91.59,100.00,1.48,0.17,5,96,89,100
LITHUANIA,LTU,0.94,0.26,4.00,75.48,64.11,90.91,0.89,0.23,5.00,73.56,64.59,88.52,0.81,0.22,6.00,73.08,61.24,87.08,0.89,0.18,7.00,73.08,65.55,88.04,0.88,0.17,8.00,75.00,66.03,87.56,0.88,0.17,8.00,77.40,67.46,87.56,0.88,0.18,8.00,75.00,66.03,86.60,0.83,0.14,10.00,74.52,67.46,83.73,0.86,0.14,11.00,73.56,66.99,84.69,0.81,0.14,12.00,71.63,66.51,81.34,0.89,0.14,12.00,74.41,67.92,85.38,0.90,0.14,12.00,74.88,68.40,84.91,0.84,0.14,11.00,74.18,67.29,81.78,0.91,0.14,11,74,68,86
LUXEMBOURG,LUX,1.53,0.24,5.00,94.71,84.69,100.00,1.49,0.26,5.00,95.19,80.38,100.00,1.47,0.24,6.00,94.23,82.30,100.00,1.36,0.23,5.00,93.27,75.12,100.00,1.46,0.23,6.00,96.15,84.21,100.00,1.62,0.23,6.00,95.67,89.00,100.00,1.54,0.23,6.00,95.67,86.12,100.00,1.54,0.18,7.00,97.12,90.43,100.00,1.53,0.17,7.00,98.08,90.91,100.00,1.53,0.17,8.00,97.60,90.91,100.00,1.54,0.17,9.00,98.10,91.51,100.00,1.56,0.16,9.00,97.63,91.51,100.00,1.59,0.16,9.00,97.65,92.52,100.00,1.63,0.16,9,97,93,100
"MACAO SAR, CHINA",MAC,0.23,0.41,1.00,57.69,35.41,75.12,0.23,0.47,1.00,55.77,34.45,77.51,0.22,0.47,1.00,55.77,31.58,78.95,0.40,0.51,1.00,60.10,37.80,89.00,0.64,0.48,1.00,66.83,42.58,94.26,0.11,0.39,1.00,52.40,33.01,74.16,0.40,0.42,1.00,61.06,38.76,83.73,0.35,0.51,1.00,57.69,32.54,89.00,0.11,0.53,1.00,52.88,27.75,77.03,0.13,0.53,1.00,53.37,27.75,77.99,0.58,0.26,2.00,66.35,54.25,78.30,0.61,0.24,2.00,67.77,55.66,76.89,0.60,0.23,2.00,66.67,55.61,75.70,-0.27,0.21,2,40,29,53
"MACEDONIA, FYR",MKD,-0.50,0.26,4.00,34.13,20.57,49.76,-0.32,0.26,4.00,40.38,27.75,52.15,-0.43,0.21,5.00,35.58,24.88,49.76,-0.22,0.17,6.00,42.31,34.93,50.72,-0.04,0.16,8.00,45.67,39.71,53.59,-0.14,0.17,9.00,46.15,35.89,54.07,-0.08,0.17,9.00,47.60,36.36,56.94,0.13,0.15,10.00,52.40,44.50,58.85,0.25,0.14,11.00,55.29,47.85,61.72,0.18,0.14,12.00,54.81,46.89,58.85,0.15,0.14,11.00,54.50,45.75,58.49,0.09,0.14,11.00,53.08,43.40,57.08,-0.01,0.14,10.00,49.30,40.19,55.61,0.00,0.13,11,50,42,56
MADAGASCAR,MDG,-0.26,0.24,4.00,42.79,29.19,54.55,0.11,0.26,4.00,52.40,40.67,64.59,0.08,0.23,5.00,50.96,41.63,61.72,-0.19,0.18,7.00,43.75,35.89,50.72,0.03,0.17,8.00,47.60,40.19,56.46,-0.01,0.18,9.00,48.56,38.28,56.94,-0.14,0.17,11.00,46.15,34.93,54.07,-0.12,0.13,14.00,44.23,36.36,51.20,-0.15,0.13,14.00,44.23,35.41,48.33,-0.34,0.13,14.00,36.06,29.67,44.98,-0.86,0.13,14.00,25.12,16.51,30.19,-0.83,0.11,15.00,26.54,18.40,30.19,-0.84,0.12,14.00,25.82,17.76,28.97,-0.85,0.11,15,25,17,28
MALAWI,MWI,-0.20,0.22,5.00,43.27,31.58,54.55,-0.03,0.23,5.00,49.04,36.36,59.33,-0.18,0.21,6.00,47.12,32.06,53.11,-0.65,0.17,9.00,28.85,21.53,39.71,-0.42,0.16,10.00,35.58,26.79,42.11,-0.50,0.16,11.00,33.17,25.36,41.63,-0.48,0.14,14.00,32.69,27.27,39.71,-0.26,0.12,15.00,38.94,33.01,45.93,-0.27,0.12,15.00,37.98,34.45,45.93,-0.25,0.11,16.00,40.87,34.45,46.41,-0.16,0.12,16.00,42.65,35.38,49.06,-0.21,0.11,16.00,40.28,34.91,48.58,-0.27,0.12,16.00,39.91,32.24,46.73,-0.23,0.11,17,41,34,47
MALAYSIA,MYS,-0.06,0.22,6.00,50.00,35.89,59.81,-0.31,0.23,6.00,40.87,29.19,51.67,-0.33,0.22,7.00,39.90,27.75,50.24,-0.48,0.17,9.00,36.54,25.36,43.06,-0.52,0.15,10.00,33.17,26.32,39.71,-0.25,0.16,11.00,41.35,33.01,49.76,-0.19,0.16,11.00,42.79,33.97,53.59,-0.50,0.12,13.00,32.21,28.23,37.32,-0.51,0.12,13.00,32.21,29.19,37.32,-0.55,0.12,13.00,30.29,27.75,35.41,-0.49,0.12,14.00,31.75,29.72,39.15,-0.48,0.12,15.00,33.65,29.72,37.26,-0.45,0.11,16.00,32.86,28.97,40.19,-0.34,0.11,15,38,32,44
MALDIVES,MDV,-0.38,0.30,3.00,37.50,21.05,54.07,-0.34,0.30,3.00,39.90,23.92,53.11,-0.39,0.30,3.00,36.54,22.01,51.67,-0.53,0.27,3.00,33.17,20.10,45.93,-0.92,0.25,4.00,22.60,10.05,33.49,-1.12,0.26,5.00,18.27,6.70,26.79,-0.99,0.26,5.00,19.71,8.61,30.14,-1.00,0.23,5.00,20.19,9.57,30.62,-0.91,0.22,5.00,22.12,11.00,31.10,-0.31,0.22,5.00,38.46,28.71,49.76,-0.08,0.22,5.00,45.97,34.43,56.60,-0.10,0.22,5.00,46.92,34.43,55.66,-0.21,0.22,5.00,42.25,29.44,55.14,-0.52,0.24,4,32,23,45
MALI,MLI,-0.12,0.24,4.00,48.56,33.01,58.85,-0.17,0.26,4.00,44.71,31.10,55.98,-0.11,0.23,5.00,48.08,32.54,56.46,0.26,0.18,8.00,54.81,48.33,64.11,0.38,0.17,9.00,58.65,49.76,66.99,0.29,0.18,10.00,57.21,49.76,67.46,0.25,0.17,11.00,58.65,48.80,64.11,0.27,0.13,14.00,56.25,49.76,61.24,0.19,0.13,14.00,54.81,47.37,57.89,0.16,0.13,14.00,54.33,46.89,58.37,0.04,0.13,15.00,50.24,42.45,56.13,0.13,0.11,16.00,54.03,48.58,57.08,0.15,0.11,16.00,54.93,47.66,57.48,-0.55,0.12,16,31,26,37
MALTA,MLT,1.15,0.24,4.00,86.06,71.29,96.65,1.11,0.26,4.00,84.62,67.46,98.09,1.17,0.25,4.00,87.50,71.77,97.13,1.15,0.24,4.00,86.06,70.33,99.04,1.32,0.23,5.00,92.79,75.60,100.00,1.34,0.24,5.00,90.38,78.95,98.56,1.23,0.24,5.00,88.94,72.73,97.13,1.19,0.18,6.00,88.46,75.12,95.69,1.23,0.18,6.00,90.87,75.12,97.13,1.24,0.17,6.00,90.38,76.08,97.13,1.14,0.16,9.00,86.73,74.06,93.87,1.16,0.15,9.00,86.73,75.47,94.34,1.14,0.15,9.00,86.38,74.30,93.93,1.15,0.15,9,87,74,93
MARSHALL ISLANDS,MHL,1.22,0.40,2.00,87.02,64.59,100.00,1.23,0.36,2.00,88.46,66.51,100.00,1.24,0.36,2.00,87.98,66.99,100.00,1.22,0.30,2.00,88.46,69.38,100.00,1.21,0.31,2.00,88.46,69.38,100.00,1.17,0.36,2.00,88.94,66.99,99.04,1.17,0.35,2.00,87.02,66.51,99.52,1.18,0.26,2.00,87.98,70.81,99.52,1.18,0.25,2.00,87.98,69.86,100.00,1.21,0.25,2.00,88.94,71.29,100.00,1.14,0.25,3.00,87.20,68.87,98.11,1.12,0.26,3.00,85.78,68.87,96.70,1.20,0.26,2.00,88.73,70.09,98.60,1.19,0.29,2,88,70,99
MARTINIQUE,MTQ,0.68,0.41,1.00,68.75,51.20,90.43,0.67,0.47,1.00,66.83,46.89,93.78,0.66,0.47,1.00,67.31,47.85,92.82,0.61,0.51,1.00,66.35,41.63,95.69,0.64,0.48,1.00,66.83,42.58,94.26,0.74,0.39,1.00,74.04,51.20,90.91,0.64,0.42,1.00,69.23,47.85,89.95,0.58,0.51,1.00,66.83,39.23,95.22,0.56,0.53,1.00,64.90,36.84,95.69,0.57,0.53,1.00,65.87,38.76,95.22,0.56,0.52,1.00,65.40,39.15,94.34,0.59,0.49,1.00,66.82,40.09,94.34,0.60,0.46,1.00,67.14,44.39,93.46,0.61,0.44,1,66,46,92
MAURITANIA,MRT,-0.54,0.30,3.00,32.21,17.70,50.24,-0.73,0.30,3.00,28.85,12.44,43.54,-0.85,0.27,4.00,23.08,11.48,36.36,-0.85,0.23,5.00,23.08,13.40,37.32,-0.87,0.22,5.00,24.52,14.83,33.49,-1.15,0.20,7.00,16.83,7.66,24.40,-0.97,0.17,9.00,21.15,11.48,27.75,-0.90,0.12,13.00,24.52,18.18,28.71,-0.72,0.12,13.00,28.85,21.53,32.06,-0.99,0.12,13.00,20.19,14.83,25.36,-0.97,0.12,13.00,20.85,14.15,28.77,-0.95,0.12,13.00,20.85,14.15,28.30,-0.96,0.12,14.00,20.19,14.02,27.10,-0.94,0.12,14,21,16,26
MAURITIUS,MUS,0.83,0.32,3.00,73.08,59.81,90.43,1.02,0.29,3.00,77.88,64.59,96.65,0.99,0.26,5.00,78.85,65.55,92.82,0.77,0.20,7.00,70.67,60.29,84.21,0.85,0.17,8.00,72.60,64.59,86.60,0.85,0.17,9.00,76.44,66.51,84.69,0.85,0.17,9.00,73.08,65.07,85.65,0.90,0.14,10.00,75.48,68.90,86.12,0.87,0.14,10.00,74.04,66.99,85.17,0.85,0.14,10.00,72.60,67.46,83.25,0.81,0.14,10.00,70.62,66.51,82.08,0.78,0.14,10.00,70.62,65.57,76.89,0.78,0.14,11.00,70.42,64.95,77.57,0.86,0.14,11,73,67,83
MEXICO,MEX,-0.08,0.21,7.00,49.52,35.89,58.85,-0.02,0.22,7.00,50.00,36.84,58.37,0.19,0.20,8.00,55.29,47.85,64.11,0.30,0.17,10.00,55.29,49.28,65.07,0.30,0.17,10.00,56.25,47.85,64.59,0.32,0.17,12.00,58.17,51.20,67.46,0.19,0.16,13.00,56.73,47.85,63.64,0.11,0.13,16.00,51.44,44.98,56.46,0.09,0.13,16.00,50.96,44.98,56.94,0.10,0.13,16.00,50.96,44.98,57.89,0.18,0.11,17.00,54.98,48.58,58.02,0.15,0.11,17.00,54.98,48.58,58.02,0.11,0.11,18.00,53.99,46.73,56.54,0.09,0.11,18,55,46,58
"MICRONESIA, FED. STS.",FSM,1.11,0.40,2.00,84.13,62.20,100.00,0.97,0.36,2.00,75.96,59.81,98.09,0.99,0.36,2.00,78.37,59.81,97.13,1.01,0.30,2.00,78.37,63.16,97.61,1.04,0.31,2.00,81.73,63.64,98.09,0.85,0.28,3.00,75.96,61.24,89.00,1.00,0.28,3.00,79.81,64.11,92.82,1.09,0.24,3.00,86.06,69.86,95.69,1.08,0.23,3.00,84.13,69.38,95.69,1.11,0.23,3.00,85.58,69.38,96.17,1.10,0.23,3.00,84.83,68.87,95.75,1.08,0.24,3.00,81.99,68.87,94.81,1.07,0.23,3.00,82.63,68.22,95.33,1.05,0.25,3,81,67,95
MOLDOVA,MDA,-0.09,0.26,4.00,49.04,33.49,60.29,0.01,0.23,5.00,50.96,37.80,60.29,-0.24,0.20,6.00,44.23,31.10,51.20,-0.60,0.17,7.00,30.29,22.97,41.15,-0.54,0.16,8.00,32.21,25.84,39.71,-0.58,0.16,9.00,30.77,23.92,39.23,-0.51,0.16,10.00,31.73,25.84,39.71,-0.27,0.14,11.00,38.46,32.06,45.93,-0.30,0.14,12.00,37.02,31.58,45.93,-0.31,0.14,12.00,37.98,30.62,45.45,-0.32,0.14,11.00,37.44,30.19,45.28,-0.11,0.14,12.00,45.97,35.85,53.77,-0.01,0.14,12.00,48.83,40.65,55.61,-0.09,0.13,13,46,40,55
MONACO,MCO,1.09,0.40,2.00,83.65,62.20,100.00,1.10,0.36,2.00,83.65,64.59,100.00,1.10,0.36,2.00,84.62,63.64,99.52,1.08,0.30,2.00,82.69,65.07,99.52,0.95,0.31,2.00,75.96,61.24,94.74,0.91,0.36,2.00,78.37,57.42,94.26,0.91,0.35,2.00,76.44,59.33,94.26,0.94,0.26,2.00,77.88,62.20,92.82,0.95,0.25,2.00,75.48,64.11,93.30,0.99,0.25,2.00,76.92,66.03,94.26,0.97,0.25,2.00,75.36,65.09,93.87,1.04,0.26,2.00,80.57,67.45,94.81,0.98,0.26,2.00,76.06,64.49,94.39,0.97,0.29,2,77,64,94
MONGOLIA,MNG,0.35,0.24,4.00,60.58,50.24,71.29,0.50,0.26,4.00,64.42,51.67,75.60,0.32,0.25,4.00,58.65,48.80,70.81,0.34,0.19,6.00,57.21,49.28,67.46,0.31,0.19,6.00,56.73,46.41,66.03,0.26,0.20,7.00,56.73,46.41,67.46,0.05,0.19,9.00,53.37,39.71,59.33,0.20,0.15,10.00,54.81,45.93,59.81,0.27,0.15,11.00,56.25,47.85,64.11,0.24,0.14,11.00,55.77,48.33,60.77,0.09,0.14,13.00,53.08,43.87,56.60,0.04,0.13,13.00,50.24,42.45,55.66,0.00,0.13,13.00,49.77,41.12,55.61,0.02,0.12,13,51,43,56
MONTENEGRO,MNE,#N/A,#N/A,#N/A,#N/A,#N/A,#N/A,#N/A,#N/A,#N/A,#N/A,#N/A,#N/A,-0.65,0.37,1.00,29.33,11.96,50.24,0.05,0.40,1.00,50.00,30.14,69.38,0.10,0.26,2.00,50.00,39.71,63.16,0.12,0.31,2.00,53.85,36.36,68.42,0.16,0.25,3.00,54.81,39.71,66.03,0.27,0.15,8.00,55.77,47.37,62.20,0.27,0.14,9.00,55.77,47.85,64.11,0.25,0.14,10.00,56.73,48.33,61.72,0.26,0.15,10.00,56.40,48.58,62.26,0.20,0.14,10.00,55.45,48.58,60.85,0.23,0.15,9.00,55.87,48.13,62.15,0.23,0.14,9,56,50,63
MOROCCO,MAR,-0.36,0.22,5.00,37.98,26.79,51.67,-0.19,0.23,5.00,44.23,33.01,55.02,-0.47,0.21,6.00,33.65,24.40,47.85,-0.52,0.16,9.00,34.62,24.40,41.63,-0.84,0.15,10.00,25.48,19.62,29.67,-0.55,0.14,12.00,32.21,25.36,38.76,-0.73,0.14,13.00,26.92,21.53,32.06,-0.73,0.12,15.00,27.88,22.49,32.06,-0.73,0.12,15.00,28.37,21.05,31.58,-0.79,0.11,16.00,26.44,21.05,29.19,-0.78,0.11,16.00,28.44,21.23,30.19,-0.73,0.11,16.00,28.91,23.11,30.19,-0.72,0.11,16.00,28.17,24.77,30.37,-0.61,0.11,17,29,26,34
MOZAMBIQUE,MOZ,-0.35,0.22,5.00,38.94,26.79,52.15,-0.20,0.23,5.00,43.75,32.06,55.02,-0.23,0.21,6.00,45.19,30.62,51.67,-0.22,0.17,9.00,41.83,35.41,50.24,-0.04,0.16,10.00,45.19,39.71,53.59,-0.06,0.15,12.00,47.12,39.23,55.98,0.00,0.14,13.00,50.48,39.71,56.94,-0.08,0.11,16.00,45.67,38.76,51.20,-0.08,0.11,16.00,46.15,38.28,52.15,-0.07,0.11,16.00,46.15,40.67,52.15,-0.11,0.11,17.00,45.02,39.15,52.36,-0.11,0.11,16.00,45.50,37.26,51.89,-0.17,0.11,16.00,43.19,35.98,50.93,-0.18,0.12,16,43,36,50
MYANMAR,MMR,-1.92,0.22,5.00,1.44,0.00,6.70,-1.94,0.23,5.00,1.44,0.00,7.18,-2.06,0.23,5.00,0.48,0.00,3.83,-2.02,0.18,7.00,0.96,0.00,3.35,-2.13,0.17,7.00,0.48,0.00,2.39,-2.16,0.18,8.00,0.00,0.00,1.44,-2.22,0.18,8.00,0.00,0.00,2.39,-2.22,0.15,8.00,0.48,0.00,2.39,-2.16,0.15,7.00,0.48,0.00,2.87,-2.16,0.15,7.00,0.48,0.00,2.87,-2.15,0.15,8.00,0.95,0.00,2.83,-2.08,0.15,8.00,0.95,0.00,3.77,-1.87,0.12,10.00,2.82,1.40,4.67,-1.65,0.12,11,4,3,7
NAMIBIA,NAM,0.49,0.22,5.00,63.94,54.55,73.21,0.28,0.23,5.00,57.69,47.37,66.51,0.31,0.21,6.00,57.69,50.24,66.99,0.23,0.16,10.00,54.33,47.85,62.68,0.22,0.16,10.00,53.37,44.98,62.68,0.32,0.16,11.00,57.69,51.20,67.46,0.37,0.15,13.00,59.62,54.07,66.99,0.48,0.13,12.00,61.06,55.50,69.86,0.45,0.13,13.00,59.62,55.02,67.94,0.44,0.13,13.00,59.62,55.50,68.42,0.37,0.13,15.00,58.29,54.72,67.45,0.35,0.13,14.00,58.29,54.25,65.57,0.37,0.13,14.00,58.22,55.14,66.36,0.39,0.13,14,59,56,66
NAURU,NRU,0.98,0.40,2.00,76.44,60.29,99.52,0.99,0.36,2.00,76.92,60.29,98.09,0.93,0.36,2.00,75.96,58.85,95.69,0.93,0.30,2.00,73.56,60.29,95.22,1.10,0.31,2.00,86.54,66.03,100.00,1.05,0.36,2.00,83.17,62.20,96.17,1.05,0.35,2.00,82.69,63.64,97.61,1.08,0.26,2.00,85.10,67.94,96.17,1.07,0.25,2.00,83.17,67.46,96.17,1.10,0.25,2.00,85.10,68.90,97.13,1.10,0.25,2.00,84.36,68.40,96.70,1.08,0.26,2.00,82.46,67.92,96.23,1.09,0.26,2.00,84.04,67.76,95.79,1.09,0.29,2,84,66,96
NEPAL,NPL,-0.12,0.30,3.00,48.08,31.10,61.24,-0.27,0.30,3.00,42.31,26.79,55.02,-0.30,0.30,3.00,41.83,24.88,55.50,-0.85,0.20,5.00,23.56,15.79,34.93,-0.92,0.18,6.00,23.56,15.79,29.67,-1.15,0.17,8.00,16.35,8.13,22.97,-1.19,0.17,9.00,12.98,8.13,22.97,-0.91,0.12,12.00,22.60,17.70,28.23,-0.59,0.13,12.00,30.29,25.36,35.41,-0.54,0.12,12.00,30.77,27.75,36.36,-0.47,0.12,13.00,32.70,30.19,39.62,-0.48,0.12,13.00,33.18,29.25,37.26,-0.50,0.12,13.00,31.92,28.50,38.79,-0.70,0.12,13,28,23,33
NETHERLANDS,NLD,1.61,0.22,6.00,99.04,87.08,100.00,1.63,0.23,6.00,100.00,88.52,100.00,1.60,0.22,7.00,98.56,88.04,100.00,1.50,0.20,8.00,96.63,88.04,100.00,1.51,0.19,8.00,97.12,88.04,100.00,1.72,0.19,8.00,98.08,90.91,100.00,1.68,0.19,8.00,99.04,90.43,100.00,1.60,0.17,9.00,99.52,91.87,100.00,1.58,0.17,9.00,99.52,91.39,100.00,1.54,0.17,9.00,98.08,90.91,100.00,1.49,0.15,10.00,96.21,91.04,100.00,1.49,0.15,10.00,96.21,90.09,100.00,1.58,0.14,11.00,97.18,92.99,100.00,1.63,0.14,11,98,93,100
NETHERLANDS ANTILLES (FORMER),ANT,#N/A,#N/A,#N/A,#N/A,#N/A,#N/A,#N/A,#N/A,#N/A,#N/A,#N/A,#N/A,#N/A,#N/A,#N/A,#N/A,#N/A,#N/A,#N/A,#N/A,#N/A,#N/A,#N/A,#N/A,#N/A,#N/A,#N/A,#N/A,#N/A,#N/A,0.47,0.39,1.00,63.46,43.54,84.69,0.64,0.42,1.00,69.23,47.85,89.95,0.58,0.51,1.00,66.83,39.23,95.22,0.56,0.53,1.00,64.90,36.84,95.69,0.57,0.53,1.00,65.87,38.76,95.22,0.35,0.52,1.00,57.82,31.13,88.21,0.37,0.49,1.00,58.77,34.91,88.21,0.38,0.46,1.00,59.15,35.51,85.98,0.39,0.44,1,60,39,86
NEW CALEDONIA,NCL,#N/A,#N/A,#N/A,#N/A,#N/A,#N/A,#N/A,#N/A,#N/A,#N/A,#N/A,#N/A,#N/A,#N/A,#N/A,#N/A,#N/A,#N/A,#N/A,#N/A,#N/A,#N/A,#N/A,#N/A,#N/A,#N/A,#N/A,#N/A,#N/A,#N/A,#N/A,#N/A,#N/A,#N/A,#N/A,#N/A,#N/A,#N/A,#N/A,#N/A,#N/A,#N/A,#N/A,#N/A,#N/A,#N/A,#N/A,#N/A,#N/A,#N/A,#N/A,#N/A,#N/A,#N/A,#N/A,#N/A,#N/A,#N/A,#N/A,#N/A,#N/A,#N/A,#N/A,#N/A,#N/A,#N/A,#N/A,#N/A,#N/A,#N/A,#N/A,#N/A,#N/A,#N/A,#N/A,#N/A,#N/A,#N/A,#N/A,#N/A,#N/A,#N/A,#N/A,#N/A
NEW ZEALAND,NZL,1.69,0.22,6.00,100.00,90.43,100.00,1.63,0.23,6.00,99.52,88.52,100.00,1.76,0.22,7.00,100.00,92.34,100.00,1.54,0.21,7.00,99.04,88.04,100.00,1.60,0.19,8.00,100.00,90.43,100.00,1.68,0.19,8.00,97.12,90.43,100.00,1.66,0.18,9.00,98.56,90.43,100.00,1.54,0.16,11.00,97.60,91.39,100.00,1.51,0.15,11.00,97.12,91.39,100.00,1.51,0.15,11.00,97.12,90.91,100.00,1.51,0.15,11.00,97.16,91.51,100.00,1.55,0.15,11.00,97.16,91.98,100.00,1.62,0.14,12.00,98.59,93.93,100.00,1.64,0.13,12,98,93,100
NICARAGUA,NIC,-0.04,0.21,6.00,50.48,36.84,59.81,0.01,0.22,6.00,51.44,38.76,59.81,-0.23,0.21,7.00,44.71,31.10,51.67,-0.11,0.17,8.00,45.67,39.23,53.11,0.09,0.15,10.00,49.52,42.58,58.37,-0.01,0.15,12.00,49.52,41.15,56.46,-0.21,0.15,13.00,39.90,33.49,53.11,-0.23,0.12,15.00,39.42,33.01,45.93,-0.24,0.12,15.00,40.38,34.45,46.89,-0.39,0.12,15.00,34.62,29.19,42.11,-0.45,0.11,16.00,34.12,30.19,40.09,-0.49,0.11,16.00,32.70,29.25,36.32,-0.56,0.12,16.00,29.58,27.10,35.51,-0.53,0.11,17,32,28,37
NIGER,NER,-1.83,0.24,4.00,2.88,0.00,8.61,-1.61,0.26,4.00,4.33,0.96,13.40,-0.20,0.23,5.00,45.67,30.14,54.07,-0.28,0.18,7.00,41.35,30.62,49.28,-0.17,0.17,7.00,41.83,35.41,50.24,-0.18,0.19,8.00,42.79,33.49,53.59,-0.30,0.18,9.00,38.46,30.14,50.24,-0.39,0.13,12.00,34.13,30.62,42.58,-0.43,0.13,13.00,35.10,30.14,41.63,-0.50,0.13,13.00,32.21,27.75,39.23,-0.78,0.13,13.00,27.01,20.28,30.19,-0.67,0.13,13.00,29.38,25.00,34.91,-0.35,0.13,13.00,36.15,29.44,44.39,-0.40,0.13,13,35,30,43
NIGERIA,NGA,-1.66,0.22,5.00,4.81,0.48,11.96,-1.22,0.23,5.00,12.50,4.78,23.92,-0.58,0.21,7.00,30.29,21.53,44.02,-0.71,0.16,10.00,27.40,20.10,37.80,-0.64,0.15,11.00,28.37,24.40,36.84,-0.77,0.15,12.00,25.48,19.14,33.01,-0.84,0.14,14.00,24.52,16.27,29.19,-0.64,0.11,17.00,29.81,25.36,33.01,-0.79,0.11,17.00,25.96,20.10,30.14,-0.76,0.11,17.00,27.40,21.53,29.19,-0.87,0.11,17.00,24.64,17.45,29.72,-0.80,0.11,17.00,27.01,19.81,30.19,-0.74,0.11,18.00,27.23,23.83,30.37,-0.73,0.11,18,27,23,31
NIUE,NIU,#N/A,#N/A,#N/A,#N/A,#N/A,#N/A,#N/A,#N/A,#N/A,#N/A,#N/A,#N/A,#N/A,#N/A,#N/A,#N/A,#N/A,#N/A,#N/A,#N/A,#N/A,#N/A,#N/A,#N/A,#N/A,#N/A,#N/A,#N/A,#N/A,#N/A,#N/A,#N/A,#N/A,#N/A,#N/A,#N/A,#N/A,#N/A,#N/A,#N/A,#N/A,#N/A,#N/A,#N/A,#N/A,#N/A,#N/A,#N/A,#N/A,#N/A,#N/A,#N/A,#N/A,#N/A,#N/A,#N/A,#N/A,#N/A,#N/A,#N/A,-0.33,0.89,1.00,36.97,3.77,86.32,-0.30,0.87,1.00,36.97,3.77,85.85,-0.39,0.82,1.00,35.21,4.21,74.77,#N/A,#N/A,#N/A,#N/A,#N/A,#N/A
NORWAY,NOR,1.60,0.22,6.00,98.56,87.08,100.00,1.53,0.23,6.00,97.60,86.12,100.00,1.57,0.22,7.00,97.12,87.56,100.00,1.50,0.20,8.00,97.60,88.04,100.00,1.51,0.19,8.00,96.63,87.56,100.00,1.72,0.19,8.00,98.56,90.91,100.00,1.64,0.18,9.00,98.08,89.95,100.00,1.58,0.16,11.00,99.04,91.87,100.00,1.58,0.15,11.00,100.00,92.34,100.00,1.58,0.15,11.00,99.52,91.87,100.00,1.58,0.15,11.00,99.53,92.45,100.00,1.64,0.15,11.00,100.00,94.34,100.00,1.67,0.14,12.00,100.00,94.86,100.00,1.75,0.13,12,100,96,100
OMAN,OMN,-0.51,0.22,5.00,33.65,20.57,46.89,-0.66,0.23,5.00,29.81,17.22,42.11,-0.64,0.23,5.00,29.81,19.62,42.58,-0.71,0.21,6.00,26.92,19.62,39.71,-0.85,0.20,6.00,25.00,16.27,33.49,-0.63,0.18,6.00,27.88,21.53,36.84,-0.96,0.17,7.00,21.63,11.96,28.23,-1.12,0.15,7.00,17.31,10.05,24.88,-1.01,0.15,8.00,19.23,12.44,26.79,-1.02,0.14,9.00,18.75,12.44,26.79,-1.03,0.14,10.00,18.48,12.74,26.42,-1.00,0.13,10.00,19.43,13.68,27.83,-0.99,0.14,9.00,18.31,13.08,27.10,-0.96,0.14,9,20,15,27
PAKISTAN,PAK,-0.67,0.22,5.00,28.85,17.70,40.67,-0.64,0.23,5.00,30.77,18.66,43.06,-1.32,0.23,5.00,11.06,3.83,21.05,-1.22,0.18,7.00,14.42,8.13,21.53,-1.26,0.16,9.00,12.98,8.13,21.53,-1.23,0.16,10.00,14.90,7.66,20.10,-1.06,0.16,11.00,16.83,10.05,25.84,-0.90,0.12,14.00,24.04,18.18,28.23,-0.97,0.12,14.00,20.19,15.31,26.79,-0.87,0.12,14.00,23.08,17.70,28.71,-0.90,0.12,14.00,22.27,16.51,29.72,-0.84,0.12,14.00,26.07,17.92,29.72,-0.85,0.11,15.00,25.35,17.76,28.97,-0.87,0.11,15,24,17,28
PALAU,PLW,1.09,0.40,2.00,83.65,62.20,100.00,1.10,0.36,2.00,83.65,64.59,100.00,1.10,0.36,2.00,84.62,63.64,99.52,1.08,0.30,2.00,82.69,65.07,99.52,1.22,0.31,2.00,88.94,69.38,100.00,1.17,0.36,2.00,88.94,66.99,99.04,1.18,0.35,2.00,87.98,66.99,99.52,1.20,0.26,2.00,89.42,72.25,99.52,1.20,0.25,2.00,88.94,71.29,100.00,1.24,0.25,2.00,89.90,71.77,100.00,1.22,0.25,2.00,90.05,70.28,100.00,1.20,0.26,2.00,89.10,70.28,99.53,1.21,0.26,2.00,89.67,70.09,99.07,1.20,0.29,2,89,70,99
PANAMA,PAN,0.01,0.21,6.00,51.92,39.71,61.24,0.44,0.22,6.00,61.54,52.15,71.29,0.60,0.21,7.00,65.87,56.46,76.08,0.60,0.20,8.00,65.87,55.02,73.68,0.48,0.17,9.00,62.50,52.63,70.33,0.51,0.17,11.00,63.94,56.46,74.64,0.44,0.17,11.00,62.50,54.55,71.29,0.57,0.15,12.00,64.90,56.94,73.68,0.60,0.15,12.00,66.35,57.89,71.77,0.58,0.14,12.00,66.35,57.89,71.77,0.58,0.14,13.00,66.82,58.02,70.28,0.52,0.14,13.00,63.98,56.60,69.34,0.51,0.14,13.00,63.85,56.54,69.63,0.45,0.13,13,63,57,68
PAPUA NEW GUINEA,PNG,0.09,0.22,5.00,53.37,41.63,62.20,0.07,0.23,5.00,51.92,40.67,62.20,-0.08,0.23,5.00,49.04,33.97,56.46,-0.14,0.18,6.00,45.19,38.28,52.63,-0.15,0.18,6.00,42.79,35.41,50.72,-0.37,0.18,7.00,36.54,27.27,46.41,-0.19,0.18,7.00,42.31,32.06,54.07,0.05,0.15,7.00,49.04,40.67,56.46,0.11,0.15,8.00,52.40,44.98,57.89,0.05,0.15,8.00,49.52,42.11,56.94,0.02,0.15,9.00,48.82,41.51,56.60,0.00,0.14,9.00,48.82,39.62,55.66,-0.01,0.14,9.00,48.36,40.19,55.61,-0.04,0.14,9,47,40,56
PARAGUAY,PRY,-0.20,0.21,6.00,44.23,32.06,54.55,-0.37,0.22,6.00,37.50,27.75,50.72,-0.66,0.21,7.00,27.88,20.10,40.67,-0.54,0.17,9.00,32.69,23.92,41.63,-0.41,0.17,9.00,36.54,26.32,43.54,-0.48,0.16,11.00,33.65,26.32,41.63,-0.41,0.16,11.00,35.10,28.23,45.93,-0.31,0.13,13.00,37.02,32.06,44.98,-0.21,0.13,13.00,41.83,35.41,47.85,-0.16,0.12,13.00,44.23,34.93,48.80,-0.17,0.12,14.00,42.18,35.38,48.58,-0.12,0.12,14.00,45.02,36.32,52.83,-0.12,0.12,14.00,46.01,38.79,52.80,-0.15,0.12,14,44,37,52
PERU,PER,-0.52,0.21,6.00,33.17,21.05,45.45,-0.57,0.22,6.00,32.21,21.53,43.54,-0.38,0.21,7.00,37.98,27.27,50.24,0.14,0.17,9.00,51.92,44.50,60.29,0.03,0.17,9.00,47.12,40.19,55.98,-0.15,0.16,11.00,45.19,36.36,52.15,-0.02,0.16,12.00,49.52,39.71,56.94,0.05,0.12,15.00,48.56,42.58,55.50,0.06,0.12,16.00,48.56,44.98,55.50,0.10,0.11,17.00,51.92,45.45,56.94,0.04,0.11,17.00,49.76,43.87,55.66,0.07,0.11,17.00,51.66,44.34,55.66,0.09,0.11,18.00,53.52,46.73,56.54,0.07,0.11,18,54,45,57
PHILIPPINES,PHL,0.20,0.22,6.00,55.77,46.41,65.07,0.38,0.23,6.00,60.10,50.72,70.81,0.17,0.22,7.00,53.37,46.89,64.59,0.14,0.17,9.00,52.40,44.98,60.29,0.16,0.17,9.00,51.44,44.50,61.24,0.03,0.16,11.00,50.96,41.63,57.42,-0.04,0.15,12.00,48.56,38.76,56.94,-0.09,0.12,15.00,45.19,38.28,51.20,-0.11,0.12,15.00,45.19,37.32,51.20,-0.14,0.12,15.00,44.71,36.36,49.28,-0.03,0.12,15.00,48.34,41.04,54.72,-0.06,0.12,15.00,48.34,39.62,53.77,-0.03,0.11,16.00,47.89,41.59,55.14,-0.04,0.11,16,48,42,56
POLAND,POL,1.01,0.22,6.00,78.37,67.94,90.91,1.06,0.23,6.00,80.29,67.46,93.78,1.06,0.22,7.00,80.77,69.86,92.82,1.07,0.17,9.00,81.25,71.29,92.34,0.97,0.17,9.00,78.85,68.42,90.43,1.00,0.17,9.00,81.25,71.77,89.00,0.90,0.17,10.00,75.96,67.46,87.56,0.76,0.14,12.00,71.63,63.64,78.47,0.84,0.14,12.00,73.08,66.99,82.78,0.92,0.13,13.00,74.52,68.90,86.12,1.01,0.14,13.00,79.15,70.28,91.04,1.03,0.13,13.00,79.62,71.70,91.04,1.03,0.13,14.00,77.93,71.96,90.65,1.06,0.12,14,81,73,91
PORTUGAL,PRT,1.54,0.22,6.00,95.19,86.60,100.00,1.48,0.23,6.00,94.23,82.78,100.00,1.39,0.22,7.00,91.83,79.90,99.52,1.31,0.20,8.00,91.83,75.12,100.00,1.38,0.19,8.00,94.23,83.73,100.00,1.47,0.19,8.00,92.79,86.60,99.04,1.43,0.19,8.00,91.83,83.73,99.52,1.23,0.16,10.00,90.38,77.99,95.69,1.23,0.16,10.00,89.90,77.03,96.17,1.19,0.16,10.00,87.98,75.60,95.69,1.13,0.15,11.00,86.26,73.58,93.87,1.10,0.15,11.00,83.89,73.11,93.40,1.09,0.15,11.00,84.51,74.30,92.52,0.99,0.13,12,78,71,89
PUERTO RICO,PRI,1.06,0.32,2.00,82.69,64.11,98.09,1.09,0.33,2.00,82.69,65.55,100.00,1.08,0.32,2.00,83.17,64.59,98.56,1.01,0.29,2.00,77.40,63.64,95.69,0.99,0.30,2.00,79.81,62.68,96.17,0.88,0.30,2.00,77.88,61.24,90.43,1.05,0.30,2.00,82.21,64.59,95.69,1.17,0.26,3.00,87.02,70.33,99.04,1.15,0.25,4.00,87.02,69.86,99.04,1.17,0.24,4.00,87.02,69.86,98.56,0.86,0.19,5.00,73.46,63.21,87.74,0.82,0.18,5.00,72.51,63.68,85.85,0.70,0.18,5.00,68.54,60.28,76.64,0.66,0.17,5,68,58,75
QATAR,QAT,-0.54,0.22,5.00,31.73,20.57,45.45,-0.56,0.23,5.00,33.17,21.53,44.50,-0.38,0.23,5.00,37.50,26.79,50.24,-0.47,0.21,6.00,37.02,23.92,45.45,-0.59,0.20,6.00,29.81,22.49,39.71,-0.32,0.18,7.00,37.02,28.23,47.85,-0.39,0.18,8.00,35.58,27.75,46.89,-0.66,0.16,9.00,29.33,21.53,33.97,-0.91,0.14,9.00,22.60,15.31,29.19,-0.88,0.14,9.00,22.12,16.75,28.71,-0.89,0.13,13.00,23.22,15.57,30.19,-0.89,0.13,13.00,24.17,15.09,29.25,-0.96,0.13,12.00,21.13,14.02,27.10,-0.79,0.13,12,26,19,30
RUNION,REU,#N/A,#N/A,#N/A,#N/A,#N/A,#N/A,#N/A,#N/A,#N/A,#N/A,#N/A,#N/A,#N/A,#N/A,#N/A,#N/A,#N/A,#N/A,#N/A,#N/A,#N/A,#N/A,#N/A,#N/A,#N/A,#N/A,#N/A,#N/A,#N/A,#N/A,1.15,0.39,1.00,86.54,63.64,99.04,1.36,0.42,1.00,90.87,69.86,100.00,1.27,0.51,1.00,91.35,59.33,100.00,1.23,0.53,1.00,90.38,57.89,100.00,1.22,0.53,1.00,89.42,58.37,100.00,1.21,0.52,1.00,89.57,58.02,100.00,1.24,0.49,1.00,91.00,60.85,100.00,1.27,0.46,1.00,91.55,63.55,100.00,1.28,0.44,1,91,66,100
ROMANIA,ROM,0.24,0.22,5.00,58.17,48.33,65.55,0.34,0.23,5.00,59.13,48.33,70.33,0.45,0.19,7.00,61.54,52.15,72.25,0.37,0.16,9.00,58.65,50.72,67.46,0.30,0.15,10.00,55.77,47.85,63.64,0.38,0.16,11.00,60.58,53.11,68.90,0.42,0.16,12.00,61.54,55.50,70.81,0.52,0.13,14.00,62.98,56.46,69.86,0.50,0.13,14.00,63.94,56.94,69.38,0.51,0.13,14.00,62.02,56.94,69.38,0.46,0.13,14.00,60.66,55.66,67.92,0.42,0.13,14.00,59.72,55.66,67.92,0.36,0.13,15.00,57.75,55.14,65.89,0.30,0.12,15,58,55,64
RUSSIAN FEDERATION,RUS,-0.30,0.22,6.00,40.87,29.19,53.11,-0.55,0.23,6.00,34.13,21.53,45.45,-0.39,0.19,8.00,37.02,27.75,49.76,-0.47,0.16,10.00,37.50,26.32,43.06,-0.58,0.15,10.00,30.77,25.84,39.71,-0.59,0.16,10.00,30.29,23.44,37.32,-0.68,0.16,11.00,27.88,22.97,34.45,-0.90,0.13,14.00,23.56,17.70,28.71,-0.90,0.13,14.00,23.08,17.70,29.19,-0.85,0.13,14.00,25.00,17.70,28.71,-0.90,0.13,14.00,22.75,15.09,29.72,-0.88,0.13,14.00,25.12,16.04,29.25,-0.86,0.13,15.00,24.88,17.29,28.97,-0.96,0.12,15,20,15,26
RWANDA,RWA,-1.56,0.30,3.00,6.25,0.48,17.70,-1.31,0.30,3.00,11.54,3.35,24.40,-1.52,0.27,4.00,7.21,1.91,18.66,-1.47,0.19,6.00,9.13,2.87,16.27,-1.29,0.18,6.00,11.06,6.70,21.53,-1.31,0.18,8.00,10.58,5.74,19.14,-1.16,0.17,9.00,14.42,8.13,23.44,-1.17,0.13,11.00,15.38,9.57,21.53,-1.20,0.13,12.00,12.98,9.09,20.10,-1.30,0.12,12.00,10.58,8.13,16.75,-1.28,0.12,13.00,11.37,8.02,16.51,-1.31,0.12,14.00,11.85,7.55,15.09,-1.29,0.12,14.00,11.74,7.94,17.29,-1.24,0.12,14,14,8,17
SAMOA,WSM,0.70,0.30,3.00,69.71,55.02,86.60,0.64,0.30,3.00,66.35,53.11,85.17,0.77,0.30,3.00,72.12,56.46,88.04,0.74,0.27,3.00,70.19,55.02,88.04,0.76,0.27,3.00,70.67,56.94,88.04,0.70,0.28,3.00,71.63,56.46,86.60,0.67,0.28,3.00,70.19,56.94,85.65,0.67,0.24,3.00,69.23,56.46,82.78,0.64,0.23,3.00,67.31,55.50,79.90,0.60,0.23,3.00,67.31,55.50,76.56,0.57,0.23,4.00,65.88,55.66,75.00,0.45,0.22,5.00,61.61,52.83,71.70,0.46,0.22,5.00,61.97,53.74,73.36,0.47,0.24,4,63,54,74
SAN MARINO,SMR,1.28,0.40,2.00,87.98,65.55,100.00,1.30,0.36,2.00,89.90,68.42,100.00,1.31,0.36,2.00,89.42,69.86,100.00,1.23,0.30,2.00,88.94,69.86,100.00,1.19,0.31,2.00,87.98,68.42,100.00,1.15,0.36,2.00,86.06,65.07,98.56,1.15,0.35,2.00,86.06,66.03,99.52,1.18,0.26,2.00,87.98,70.81,99.52,1.18,0.25,2.00,87.98,69.86,100.00,1.21,0.25,2.00,88.94,71.29,100.00,1.19,0.25,2.00,88.15,70.28,100.00,1.18,0.26,2.00,87.68,69.34,99.06,1.20,0.26,2.00,88.73,70.09,98.60,1.20,0.29,2,89,70,99
S?O TOM AND PRINCIPE,STP,0.21,0.30,3.00,56.73,41.63,70.33,0.47,0.30,3.00,62.50,50.24,75.60,0.44,0.27,4.00,60.58,50.24,75.12,0.60,0.24,4.00,65.38,54.07,75.60,0.34,0.23,4.00,58.17,44.98,69.38,0.19,0.24,5.00,56.25,41.63,67.46,0.16,0.24,5.00,55.29,39.71,64.59,0.21,0.18,6.00,55.29,45.93,62.20,0.14,0.17,6.00,53.85,44.50,58.85,0.13,0.17,6.00,52.88,44.50,58.85,0.13,0.17,6.00,54.03,43.87,58.96,0.08,0.17,7.00,52.61,41.04,58.02,0.20,0.16,7.00,55.40,47.20,62.15,0.13,0.16,7,55,45,59
SAUDI ARABIA,SAU,-1.41,0.22,5.00,8.65,3.35,17.70,-1.53,0.23,5.00,7.21,2.39,13.40,-1.48,0.23,5.00,8.17,1.91,17.22,-1.66,0.17,8.00,4.81,1.44,11.00,-1.67,0.17,7.00,5.29,1.44,10.05,-1.31,0.16,8.00,10.10,6.22,19.14,-1.52,0.17,8.00,7.21,3.35,11.96,-1.70,0.14,10.00,5.29,2.87,8.13,-1.62,0.13,12.00,6.25,4.31,9.09,-1.65,0.13,12.00,5.29,3.83,10.05,-1.78,0.12,13.00,3.79,2.83,6.60,-1.74,0.11,13.00,3.79,2.83,7.08,-1.86,0.12,11.00,3.29,2.34,4.67,-1.80,0.12,12,3,2,5
SENEGAL,SEN,0.00,0.22,5.00,51.44,37.80,61.24,-0.12,0.23,5.00,46.63,34.93,55.98,0.08,0.21,6.00,51.44,43.06,60.29,0.33,0.17,9.00,56.73,50.24,66.03,0.26,0.16,10.00,54.33,46.41,63.16,0.18,0.17,10.00,55.77,46.41,62.20,0.03,0.16,11.00,52.40,39.71,58.85,0.01,0.13,14.00,46.63,40.19,55.02,-0.24,0.12,16.00,38.94,34.45,46.89,-0.28,0.13,16.00,40.38,33.01,45.93,-0.33,0.13,15.00,36.02,30.66,44.34,-0.32,0.11,16.00,36.02,32.08,43.40,-0.28,0.11,16.00,38.97,32.24,46.73,-0.05,0.11,16,47,41,56
SERBIA,SRB,-1.32,0.22,5.00,11.54,4.31,19.62,-1.03,0.23,5.00,17.79,9.09,30.14,-0.73,0.20,6.00,26.92,19.14,36.36,-0.05,0.16,8.00,46.63,41.15,54.07,-0.14,0.15,9.00,43.27,36.84,50.24,-0.17,0.16,9.00,44.23,35.41,51.20,-0.17,0.17,9.00,44.23,33.97,54.07,0.18,0.14,11.00,54.33,45.93,58.85,0.28,0.13,12.00,56.73,48.33,63.64,0.25,0.13,12.00,56.25,48.80,60.77,0.32,0.13,13.00,56.87,53.30,63.21,0.27,0.13,13.00,55.92,51.42,62.26,0.25,0.13,13.00,56.34,51.87,62.15,0.17,0.12,14,56,48,58
SEYCHELLES,SYC,0.23,0.30,3.00,57.21,41.63,70.81,0.27,0.30,3.00,56.73,43.54,70.81,0.16,0.27,4.00,52.88,42.58,65.55,0.20,0.23,5.00,53.85,44.02,65.07,0.08,0.22,5.00,49.04,39.71,61.24,0.33,0.19,7.00,58.65,49.76,68.90,0.18,0.19,7.00,56.25,46.41,64.11,0.12,0.18,6.00,51.92,42.58,58.85,0.08,0.17,6.00,50.00,42.11,57.89,0.02,0.17,6.00,48.56,40.67,57.89,0.07,0.17,7.00,52.13,41.51,58.02,0.15,0.17,6.00,54.50,44.34,59.91,0.06,0.16,6.00,52.11,42.52,57.48,0.09,0.16,8,55,43,58
SIERRA LEONE,SLE,-0.69,0.24,4.00,27.40,15.79,41.63,-1.38,0.28,3.00,9.62,2.87,22.49,-1.57,0.25,4.00,6.25,1.91,13.88,-0.68,0.18,7.00,28.37,20.10,39.71,-0.37,0.16,8.00,38.94,29.19,44.50,-0.32,0.17,9.00,37.50,30.14,47.37,-0.52,0.16,10.00,30.77,25.84,39.71,-0.38,0.12,13.00,34.62,30.62,41.15,-0.25,0.12,13.00,38.46,34.45,46.89,-0.17,0.12,13.00,43.75,34.93,48.33,-0.26,0.12,13.00,40.28,33.96,46.23,-0.18,0.12,13.00,41.71,34.91,49.06,-0.24,0.12,15.00,40.38,33.64,47.66,-0.36,0.11,18,36,31,43
SINGAPORE,SGP,0.20,0.22,6.00,55.29,46.41,65.07,0.17,0.23,6.00,54.33,43.54,65.55,0.18,0.22,7.00,54.33,46.89,64.59,0.05,0.17,8.00,49.52,41.63,56.46,-0.16,0.17,9.00,42.31,35.41,50.24,-0.01,0.17,9.00,49.04,39.71,56.94,0.01,0.17,9.00,51.44,39.71,58.85,-0.37,0.14,11.00,35.58,30.62,44.02,-0.36,0.14,11.00,35.58,30.62,44.98,-0.32,0.14,11.00,37.02,30.62,45.45,-0.24,0.14,11.00,40.76,33.02,48.58,-0.20,0.14,11.00,40.76,34.91,49.53,-0.07,0.13,12.00,46.95,38.79,54.67,0.08,0.13,12,54,45,58
SLOVAK REPUBLIC,SVK,0.63,0.22,5.00,66.83,58.85,77.03,0.68,0.23,5.00,67.31,57.89,79.90,0.81,0.22,6.00,72.60,61.24,87.08,0.97,0.17,8.00,74.52,68.42,89.00,0.92,0.17,9.00,75.48,66.99,87.56,0.96,0.17,9.00,80.29,68.90,89.00,0.92,0.17,9.00,76.92,67.46,88.52,0.92,0.15,10.00,75.96,69.38,86.60,0.93,0.15,10.00,75.00,68.90,87.08,0.91,0.15,10.00,74.04,68.42,86.60,0.86,0.14,13.00,72.51,67.92,83.49,0.89,0.13,13.00,74.41,67.92,84.43,0.97,0.13,13.00,75.12,70.09,87.85,0.96,0.13,12,77,71,87
SLOVENIA,SVN,1.32,0.26,4.00,89.42,74.64,100.00,1.22,0.23,5.00,87.98,72.25,98.56,1.10,0.22,7.00,83.65,71.77,93.78,1.12,0.17,9.00,84.62,72.73,94.26,1.08,0.17,9.00,85.10,70.81,93.78,1.09,0.17,9.00,84.13,74.64,90.43,1.07,0.17,10.00,83.65,72.25,89.95,1.07,0.15,11.00,84.13,74.16,91.87,1.06,0.15,11.00,81.25,71.77,91.39,1.01,0.14,11.00,80.77,69.86,90.43,1.05,0.14,12.00,81.99,70.75,91.51,1.04,0.14,12.00,81.52,71.70,91.51,1.05,0.14,11.00,80.75,72.90,91.59,0.98,0.12,13,78,71,87
SOLOMON ISLANDS,SLB,1.05,0.40,2.00,80.29,61.72,100.00,1.04,0.36,2.00,79.81,62.20,100.00,0.31,0.36,2.00,56.73,42.58,75.12,0.49,0.30,2.00,62.50,49.28,76.08,0.39,0.31,2.00,60.10,44.50,75.12,-0.28,0.28,3.00,40.87,26.32,55.50,0.00,0.28,3.00,50.96,33.97,63.16,0.06,0.24,3.00,50.00,36.84,60.77,0.07,0.23,4.00,49.04,36.84,59.33,0.04,0.23,4.00,49.04,36.36,58.85,0.18,0.23,4.00,55.45,41.98,64.62,0.07,0.23,4.00,52.13,36.32,61.79,0.01,0.23,4.00,50.70,35.98,60.28,-0.02,0.24,4,48,34,59
SOMALIA,SOM,-2.09,0.26,3.00,0.00,0.00,4.78,-2.03,0.28,3.00,0.96,0.00,7.18,-1.85,0.25,4.00,1.92,0.00,9.09,-1.56,0.19,5.00,7.21,1.91,12.44,-1.81,0.18,6.00,2.88,0.96,8.13,-1.81,0.19,7.00,2.40,0.48,7.66,-1.76,0.18,8.00,3.85,1.44,8.13,-1.83,0.16,7.00,3.37,0.96,7.18,-1.93,0.16,7.00,2.40,0.00,5.26,-1.93,0.15,8.00,2.40,0.00,4.31,-2.09,0.14,9.00,1.42,0.00,3.30,-2.07,0.14,10.00,1.42,0.00,3.77,-2.07,0.14,10.00,1.88,0.00,3.74,-2.23,0.13,11,0,0,2
SOUTH AFRICA,ZAF,0.85,0.22,6.00,73.56,64.11,86.60,0.87,0.23,6.00,73.08,64.11,88.52,0.72,0.21,8.00,70.19,59.81,80.38,0.63,0.16,11.00,67.31,58.37,73.21,0.70,0.16,11.00,69.23,61.24,76.56,0.73,0.16,12.00,73.08,62.20,80.86,0.64,0.14,15.00,69.71,61.24,73.21,0.65,0.11,17.00,68.27,60.77,74.64,0.57,0.11,17.00,65.87,57.89,69.86,0.55,0.11,17.00,64.42,58.37,69.38,0.55,0.11,18.00,64.45,58.02,68.87,0.58,0.11,18.00,66.35,58.96,69.81,0.58,0.11,19.00,66.20,60.28,70.09,0.56,0.11,19,65,58,70
SOUTH SUDAN,SSD,#N/A,#N/A,#N/A,#N/A,#N/A,#N/A,#N/A,#N/A,#N/A,#N/A,#N/A,#N/A,#N/A,#N/A,#N/A,#N/A,#N/A,#N/A,#N/A,#N/A,#N/A,#N/A,#N/A,#N/A,#N/A,#N/A,#N/A,#N/A,#N/A,#N/A,#N/A,#N/A,#N/A,#N/A,#N/A,#N/A,#N/A,#N/A,#N/A,#N/A,#N/A,#N/A,#N/A,#N/A,#N/A,#N/A,#N/A,#N/A,#N/A,#N/A,#N/A,#N/A,#N/A,#N/A,#N/A,#N/A,#N/A,#N/A,#N/A,#N/A,#N/A,#N/A,#N/A,#N/A,#N/A,#N/A,#N/A,#N/A,#N/A,#N/A,#N/A,#N/A,-0.95,0.22,5.00,22.54,11.68,29.44,-1.26,0.17,8,12,6,19
SPAIN,ESP,1.33,0.22,6.00,89.90,75.60,99.52,1.31,0.23,6.00,90.38,75.60,100.00,1.29,0.22,7.00,88.46,75.60,99.04,1.27,0.20,8.00,89.90,73.68,100.00,1.25,0.19,8.00,90.38,75.60,99.04,1.31,0.19,8.00,89.90,81.34,95.69,1.11,0.19,8.00,84.13,72.25,91.87,1.06,0.16,10.00,83.17,72.25,91.87,1.11,0.15,11.00,85.58,73.68,93.30,1.18,0.15,11.00,87.50,75.60,94.74,1.18,0.15,12.00,87.68,75.00,94.34,1.12,0.15,11.00,84.83,73.11,93.40,1.07,0.14,12.00,82.16,73.83,92.06,1.04,0.13,12,80,72,91
SRI LANKA,LKA,-0.38,0.22,5.00,37.02,24.88,51.20,-0.25,0.23,5.00,43.27,31.10,52.63,-0.27,0.22,6.00,42.79,30.14,51.67,-0.15,0.17,8.00,44.23,38.28,51.67,-0.12,0.16,9.00,44.23,38.28,50.72,-0.19,0.16,10.00,42.31,35.41,51.20,-0.21,0.16,11.00,40.87,33.49,53.11,-0.30,0.12,13.00,37.50,32.54,44.98,-0.43,0.12,14.00,34.62,30.14,40.67,-0.46,0.12,14.00,33.65,28.71,40.67,-0.49,0.12,14.00,32.23,29.72,39.15,-0.52,0.12,13.00,30.33,29.25,35.85,-0.56,0.12,13.00,30.05,27.10,35.98,-0.60,0.11,14,30,26,35
ST. KITTS AND NEVIS,KNA,1.02,0.40,2.00,78.85,61.24,99.52,1.03,0.36,2.00,78.37,61.24,99.04,1.02,0.36,2.00,79.81,60.29,98.56,1.00,0.30,2.00,76.92,62.68,96.17,0.88,0.31,2.00,74.52,58.85,94.26,0.45,0.27,4.00,62.02,49.76,77.99,1.17,0.27,4.00,87.50,71.29,97.61,1.19,0.24,3.00,88.94,72.25,99.04,1.19,0.23,3.00,88.46,71.29,99.04,1.09,0.23,3.00,84.62,69.38,96.17,1.11,0.23,3.00,85.78,68.87,95.75,1.18,0.24,3.00,88.15,70.75,97.64,1.20,0.23,3.00,89.20,71.50,97.20,1.19,0.25,3,88,72,96
ST. LUCIA,LCA,1.06,0.40,2.00,81.25,61.72,100.00,1.07,0.36,2.00,81.25,62.68,100.00,1.06,0.36,2.00,81.25,62.20,99.04,1.09,0.30,2.00,83.17,65.07,99.52,1.08,0.31,2.00,84.13,64.59,99.04,0.68,0.27,4.00,69.23,56.46,84.69,1.19,0.27,4.00,88.46,71.29,97.61,1.22,0.24,3.00,89.90,74.16,99.52,1.21,0.23,3.00,89.42,71.77,100.00,1.25,0.23,3.00,90.87,72.73,100.00,1.23,0.23,3.00,90.52,71.70,100.00,1.22,0.24,3.00,90.05,73.11,99.06,1.18,0.23,3.00,87.32,71.50,96.26,1.11,0.24,4,86,70,96
ST. VINCENT AND THE GRENADINES,VCT,1.03,0.40,2.00,79.81,61.24,100.00,1.04,0.36,2.00,79.81,62.20,100.00,1.04,0.36,2.00,80.29,61.24,99.04,1.01,0.30,2.00,78.37,63.16,97.61,1.05,0.31,2.00,82.69,63.64,98.56,0.73,0.27,4.00,73.56,56.94,89.00,1.04,0.27,4.00,81.73,66.03,94.26,1.09,0.24,3.00,85.58,69.86,95.69,1.07,0.23,3.00,82.69,68.90,95.69,1.09,0.23,3.00,84.13,69.38,96.17,1.05,0.23,3.00,81.52,67.92,94.81,1.16,0.24,3.00,87.20,70.28,96.70,1.11,0.23,3.00,84.98,69.63,95.79,1.09,0.25,3,85,68,96
SUDAN,SDN,-1.88,0.22,5.00,2.40,0.00,7.18,-1.81,0.23,5.00,2.88,0.00,9.09,-1.74,0.21,6.00,3.37,0.48,10.05,-1.53,0.17,8.00,7.69,2.39,12.44,-1.67,0.16,8.00,4.81,1.44,10.05,-1.67,0.17,9.00,4.81,1.44,8.61,-1.74,0.16,10.00,4.33,1.91,8.13,-1.71,0.13,11.00,4.81,2.87,8.13,-1.62,0.13,13.00,6.73,4.31,9.09,-1.62,0.13,13.00,6.25,3.83,10.05,-1.66,0.13,13.00,4.27,2.83,9.43,-1.72,0.13,13.00,4.27,2.83,7.55,-1.79,0.13,12.00,3.76,2.34,6.07,-1.78,0.13,12,4,2,6
SURINAME,SUR,-0.33,0.24,4.00,39.90,26.32,53.11,-0.03,0.26,4.00,48.56,35.41,60.29,0.31,0.25,4.00,58.17,48.80,70.81,0.45,0.24,4.00,60.58,50.24,72.73,0.39,0.24,4.00,59.62,45.93,70.81,0.14,0.24,5.00,54.33,41.63,64.59,0.15,0.25,5.00,54.33,39.71,64.59,0.45,0.18,7.00,60.10,53.59,70.33,0.50,0.18,6.00,63.46,55.02,71.29,0.55,0.17,7.00,63.94,56.94,72.25,0.40,0.17,8.00,58.77,53.30,67.92,0.33,0.16,9.00,57.82,51.42,66.98,0.32,0.16,9.00,57.28,51.87,66.36,0.28,0.16,9,57,51,65
SWAZILAND,SWZ,-1.25,0.30,3.00,13.46,4.31,24.40,-1.14,0.30,3.00,13.46,3.83,30.14,-1.41,0.27,4.00,9.62,2.39,20.57,-1.32,0.23,5.00,12.02,3.83,21.05,-1.48,0.22,5.00,8.65,2.39,18.66,-1.41,0.20,7.00,8.17,3.83,18.66,-1.42,0.20,7.00,8.17,4.31,15.31,-1.17,0.14,8.00,14.90,9.09,21.53,-1.28,0.15,8.00,10.58,8.13,18.66,-1.24,0.14,8.00,12.98,8.61,19.62,-1.20,0.14,8.00,13.27,9.43,20.75,-1.25,0.14,9.00,12.80,8.96,17.92,-1.25,0.14,9.00,12.68,8.41,17.76,-1.21,0.14,10,15,8,19
SWEDEN,SWE,1.55,0.22,6.00,96.63,86.60,100.00,1.59,0.23,6.00,98.56,87.56,100.00,1.63,0.22,7.00,99.04,88.04,100.00,1.52,0.20,8.00,98.08,88.04,100.00,1.53,0.19,8.00,98.08,88.52,100.00,1.75,0.19,8.00,99.04,90.91,100.00,1.56,0.18,9.00,96.15,89.47,100.00,1.51,0.16,11.00,96.63,90.91,100.00,1.54,0.15,11.00,98.56,91.39,100.00,1.55,0.15,11.00,98.56,90.91,100.00,1.58,0.15,11.00,99.05,92.45,100.00,1.58,0.15,11.00,98.58,92.45,100.00,1.65,0.14,12.00,99.53,94.39,100.00,1.71,0.13,12,100,96,100
SWITZERLAND,CHE,1.44,0.22,6.00,91.83,82.78,100.00,1.44,0.23,6.00,93.75,79.90,100.00,1.44,0.22,7.00,93.75,83.25,100.00,1.44,0.20,8.00,95.67,84.21,100.00,1.45,0.19,8.00,95.19,86.60,100.00,1.71,0.19,8.00,97.60,90.91,100.00,1.59,0.19,8.00,96.63,89.95,100.00,1.57,0.17,9.00,98.56,91.39,100.00,1.55,0.17,9.00,99.04,91.39,100.00,1.57,0.17,9.00,99.04,90.91,100.00,1.59,0.15,10.00,100.00,92.45,100.00,1.63,0.15,10.00,99.53,93.87,100.00,1.63,0.15,10.00,99.06,93.93,100.00,1.67,0.15,10,99,93,100
SYRIAN ARAB REPUBLIC,SYR,-1.33,0.22,5.00,10.58,4.31,19.62,-1.48,0.23,5.00,8.17,2.87,16.27,-1.55,0.23,5.00,6.73,1.91,13.88,-1.59,0.18,7.00,5.77,1.91,12.44,-1.66,0.17,7.00,5.77,1.44,10.05,-1.52,0.15,10.00,7.21,3.83,13.40,-1.54,0.16,10.00,6.73,3.35,11.00,-1.70,0.12,11.00,5.77,2.87,8.13,-1.72,0.12,12.00,4.33,2.87,8.13,-1.67,0.12,12.00,4.33,3.83,8.61,-1.64,0.12,13.00,6.16,3.30,9.43,-1.64,0.12,13.00,4.74,3.77,8.96,-1.75,0.12,13.00,4.23,2.34,6.54,-1.79,0.12,12,3,2,5
"TAIWAN, CHINA",TWN,0.68,0.22,6.00,69.23,60.29,79.90,0.77,0.23,6.00,71.15,60.29,86.12,0.82,0.22,7.00,74.04,61.72,87.56,0.95,0.17,9.00,74.04,68.42,89.00,0.88,0.17,9.00,74.04,66.03,87.56,0.93,0.17,9.00,78.85,68.90,89.00,0.94,0.17,9.00,77.40,69.86,88.52,0.68,0.14,11.00,69.71,59.33,75.60,0.70,0.14,11.00,69.23,60.29,75.12,0.68,0.14,11.00,68.75,60.29,73.68,0.82,0.14,11.00,71.09,67.45,82.08,0.83,0.14,11.00,72.99,67.45,81.60,0.82,0.14,11.00,71.83,66.36,79.91,0.82,0.14,11,72,66,80
TAJIKISTAN,TJK,-1.65,0.30,3.00,5.29,0.00,13.88,-1.51,0.30,3.00,7.69,1.44,18.66,-1.42,0.24,4.00,9.13,2.87,19.14,-1.13,0.18,6.00,16.83,10.05,23.92,-1.17,0.18,6.00,16.35,9.09,24.40,-1.19,0.19,7.00,15.87,7.66,22.97,-1.18,0.19,8.00,13.94,7.66,23.92,-1.31,0.14,11.00,10.10,7.18,18.18,-1.26,0.14,11.00,11.54,8.61,19.14,-1.33,0.14,11.00,10.10,7.18,16.75,-1.30,0.15,11.00,10.90,7.55,17.45,-1.40,0.15,10.00,9.48,4.72,13.68,-1.34,0.14,12.00,10.80,6.07,16.82,-1.37,0.14,12,10,5,16
TANZANIA,TZA,-0.74,0.22,5.00,25.48,15.31,37.80,-0.60,0.23,5.00,31.25,20.10,43.54,-0.51,0.21,6.00,32.21,22.49,47.37,-0.41,0.17,9.00,38.94,28.23,44.98,-0.37,0.16,10.00,38.46,28.71,44.50,-0.47,0.16,11.00,34.13,26.32,41.63,-0.29,0.14,14.00,38.94,30.62,47.85,-0.20,0.11,16.00,40.38,34.93,45.93,-0.14,0.12,16.00,44.71,36.36,48.33,-0.17,0.11,16.00,43.27,35.41,48.33,-0.16,0.11,17.00,43.60,35.38,49.06,-0.13,0.11,17.00,43.60,36.32,50.47,-0.17,0.11,17.00,44.13,35.98,50.93,-0.22,0.11,18,42,35,48
THAILAND,THA,0.35,0.22,6.00,61.06,51.20,70.81,0.41,0.23,6.00,61.06,51.67,71.29,0.51,0.22,7.00,63.46,52.63,74.64,0.31,0.17,9.00,56.25,49.28,65.07,0.19,0.17,9.00,52.40,44.98,61.24,0.12,0.16,11.00,53.37,46.41,60.29,-0.16,0.16,11.00,45.67,34.45,54.07,-0.74,0.12,13.00,26.92,21.53,32.06,-0.58,0.12,14.00,30.77,26.79,35.41,-0.54,0.12,14.00,31.25,27.75,35.89,-0.46,0.12,15.00,33.18,30.19,40.09,-0.50,0.12,14.00,32.23,29.25,36.32,-0.42,0.11,15.00,33.80,28.97,41.12,-0.34,0.11,15,37,32,44
TIMOR-LESTE,TMP,#N/A,#N/A,#N/A,#N/A,#N/A,#N/A,#N/A,#N/A,#N/A,#N/A,#N/A,#N/A,0.18,0.36,2.00,53.85,36.36,72.25,0.34,0.27,3.00,57.69,45.93,71.29,0.20,0.21,5.00,52.88,43.06,63.64,-0.07,0.22,6.00,46.63,35.89,56.94,-0.21,0.21,7.00,40.38,30.14,54.07,0.04,0.15,8.00,48.08,40.19,56.46,0.12,0.14,8.00,53.37,44.98,57.89,0.20,0.14,8.00,55.29,47.85,59.33,0.07,0.13,10.00,51.66,43.87,56.60,0.02,0.14,9.00,49.29,40.57,55.66,0.09,0.14,9.00,53.05,44.39,57.01,0.05,0.14,9,52,43,58
TOGO,TGO,-1.09,0.24,4.00,15.87,8.61,27.75,-1.24,0.26,4.00,12.02,3.83,25.36,-1.22,0.23,5.00,12.50,5.26,23.44,-1.47,0.18,7.00,9.62,3.35,15.79,-1.25,0.17,7.00,13.94,7.66,21.53,-1.27,0.19,8.00,13.46,6.22,20.57,-1.28,0.18,9.00,10.58,6.22,20.10,-1.28,0.14,11.00,11.06,7.66,18.66,-1.14,0.14,10.00,15.38,9.57,22.49,-1.06,0.14,10.00,17.79,11.48,25.36,-1.04,0.14,11.00,18.01,12.74,26.42,-1.00,0.13,12.00,18.96,13.68,27.83,-0.92,0.13,13.00,23.47,14.49,28.50,-1.02,0.13,13,18,15,25
TONGA,TON,0.21,0.40,2,56,35,75,0.22,0.36,2,55,38,72,0.19,0.36,2,55,36,72,-0.05,0.30,2,47,32,60,0.00,0.31,2,46,34,63,-0.18,0.26,4,43,29,56,-0.02,0.26,4,49,34,61,-0.01,0.23,4,46,35,59,-0.16,0.22,4,44,32,55,-0.01,0.22,4,48,35,58,-0.03,0.23,4,48,34,58,0.30,0.22,5,57,48,68,0.37,0.22,5,59,50,70,0.44,0.24,4,62,52,72
TRINIDAD AND TOBAGO,TTO,0.64,0.22,5,67,59,78,0.83,0.23,5,72,62,88,0.53,0.22,6,64,53,75,0.52,0.21,6,63,53,73,0.59,0.20,7,66,54,75,0.57,0.19,8,66,56,78,0.60,0.19,8,66,59,77,0.57,0.17,8,64,56,75,0.50,0.17,9,63,55,70,0.48,0.16,9,61,56,69,0.53,0.16,9,63,57,70,0.48,0.16,10,62,56,69,0.48,0.16,10,63,56,70,0.45,0.15,11,62,56,70
TUNISIA,TUN,-0.45,0.22,5,35,23,49,-0.66,0.23,5,29,17,42,-0.66,0.21,6,28,20,41,-0.90,0.16,9,23,16,30,-0.94,0.16,9,22,16,28,-0.89,0.14,12,22,18,27,-0.97,0.15,12,21,13,27,-1.23,0.12,13,13,9,19,-1.32,0.12,13,10,8,17,-1.29,0.12,14,11,8,17,-1.31,0.12,14,10,8,15,-1.37,0.11,14,10,7,14,-0.37,0.11,15,36,30,43,-0.19,0.11,15,43,36,49
TURKEY,TUR,-0.20,0.22,6,44,32,55,-0.84,0.23,6,24,12,36,-0.43,0.22,7,35,25,50,-0.34,0.17,9,41,30,46,-0.12,0.17,9,44,37,51,-0.03,0.16,11,48,41,56,-0.04,0.15,12,48,39,57,-0.11,0.12,14,45,37,51,-0.09,0.12,14,46,37,53,-0.08,0.12,15,46,41,52,-0.09,0.12,15,45,39,53,-0.12,0.12,15,45,36,52,-0.17,0.11,16,44,36,51,-0.24,0.11,16,41,34,47
TURKMENISTAN,TKM,-1.51,0.30,3,8,0,18,-1.58,0.30,3,6,0,16,-1.58,0.30,3,6,0,19,-1.92,0.20,5,1,0,6,-2.01,0.20,5,1,0,5,-1.96,0.22,5,1,0,6,-2.02,0.19,6,1,0,5,-2.04,0.16,6,1,0,4,-2.12,0.15,7,1,0,4,-2.07,0.15,7,2,0,4,-2.05,0.15,7,2,0,4,-2.00,0.15,7,2,0,4,-2.12,0.15,7,1,0,3,-2.21,0.14,8,0,0,2
TUVALU,TUV,1.28,0.40,2,88,66,100,1.30,0.36,2,90,68,100,1.31,0.36,2,89,70,100,1.16,0.30,2,88,68,100,1.04,0.31,2,82,64,98,0.58,0.28,3,67,54,83,0.68,0.28,3,71,57,86,0.81,0.24,3,73,59,89,0.78,0.23,3,70,58,87,0.83,0.23,3,72,60,89,0.78,0.23,3,70,59,87,0.76,0.24,3,70,58,86,0.75,0.23,3,70,58,86,0.69,0.25,3,69,57,85
UGANDA,UGA,-0.95,0.22,5,20,12,31,-0.91,0.23,5,22,12,34,-1.06,0.21,6,19,10,27,-0.93,0.17,9,21,15,29,-0.64,0.15,11,28,24,37,-0.65,0.15,12,27,22,36,-0.53,0.14,14,30,27,39,-0.42,0.11,17,33,31,39,-0.47,0.11,17,34,29,38,-0.50,0.11,17,33,29,36,-0.50,0.11,17,31,30,39,-0.50,0.11,17,32,29,36,-0.53,0.11,18,31,29,36,-0.49,0.11,18,34,28,39
UKRAINE,UKR,-0.50,0.26,4,35,21,50,-0.28,0.23,5,41,29,52,-0.65,0.19,7,29,21,40,-0.55,0.16,9,31,24,41,-0.58,0.15,9,30,26,40,-0.61,0.16,9,29,23,37,-0.21,0.17,9,41,33,54,0.03,0.14,11,47,41,56,0.04,0.13,14,48,44,55,0.06,0.13,14,50,44,57,0.03,0.13,14,49,42,56,-0.10,0.13,14,46,36,53,-0.13,0.13,15,45,37,53,-0.29,0.12,15,40,34,46
UNITED ARAB EMIRATES,ARE,-0.43,0.22,5,36,24,50,-0.55,0.23,5,34,22,45,-0.54,0.23,5,32,22,47,-0.69,0.21,6,28,20,40,-1.07,0.17,7,20,10,26,-0.76,0.16,9,26,19,33,-0.78,0.17,9,26,18,32,-1.00,0.14,9,21,11,25,-0.91,0.14,9,22,15,29,-0.92,0.14,9,22,16,29,-0.84,0.13,11,26,17,30,-0.91,0.13,11,23,14,29,-0.90,0.13,12,24,15,29,-1.00,0.13,11,19,15,26
UNITED KINGDOM,GBR,1.29,0.22,6,88,75,100,1.20,0.23,6,88,72,98,1.34,0.22,7,91,78,100,1.27,0.20,8,90,74,100,1.31,0.19,8,92,80,100,1.61,0.19,8,95,89,100,1.44,0.18,9,92,86,100,1.39,0.16,11,94,86,100,1.34,0.15,11,93,85,100,1.33,0.15,11,92,83,99,1.31,0.15,11,92,83,98,1.29,0.15,11,92,82,97,1.29,0.14,12,92,81,96,1.32,0.13,12,92,85,96
UNITED STATES,USA,1.37,0.22,6,91,77,100,1.36,0.23,6,91,77,100,1.35,0.22,7,91,78,100,1.35,0.20,8,93,79,100,1.30,0.19,8,92,79,100,1.31,0.19,8,89,81,96,1.28,0.18,9,90,78,96,1.08,0.14,13,85,75,92,1.09,0.14,13,85,73,92,1.12,0.14,13,86,73,94,1.09,0.14,13,84,72,92,1.12,0.14,13,85,74,93,1.09,0.14,14,83,74,92,1.12,0.13,14,86,74,92
URUGUAY,URY,0.76,0.21,6,72,62,84,0.91,0.22,6,75,65,89,0.95,0.21,7,77,66,89,1.03,0.17,9,79,70,92,1.00,0.17,9,80,70,90,0.86,0.17,10,77,67,85,0.89,0.17,10,75,67,88,0.99,0.15,11,78,71,90,1.00,0.15,11,77,70,91,1.04,0.14,11,82,71,91,1.10,0.14,13,85,74,92,1.14,0.14,13,86,75,93,1.11,0.14,13,85,74,93,1.02,0.13,13,79,72,90
UZBEKISTAN,UZB,-1.52,0.32,3,7,0,19,-1.71,0.29,3,3,0,12,-1.79,0.24,4,3,0,10,-1.81,0.17,7,2,0,8,-1.78,0.16,7,3,1,8,-1.77,0.17,7,3,1,8,-1.95,0.18,7,2,0,6,-2.04,0.14,8,1,0,4,-2.10,0.14,8,1,0,4,-2.08,0.14,8,1,0,4,-2.08,0.14,9,2,0,3,-2.06,0.14,9,2,0,4,-2.07,0.14,10,1,0,4,-1.98,0.13,11,2,1,4
VANUATU,VUT,0.71,0.40,2,71,53,91,0.71,0.36,2,69,53,90,0.73,0.36,2,71,52,90,0.97,0.30,2,75,62,96,0.84,0.31,2,72,58,93,0.34,0.28,3,60,46,75,0.30,0.28,3,59,46,72,0.53,0.24,3,63,53,76,0.43,0.21,4,59,51,70,0.55,0.21,4,63,55,73,0.59,0.21,4,67,56,75,0.60,0.24,3,67,56,76,0.56,0.23,3,65,55,75,0.51,0.25,3,64,55,75
"VENEZUELA, RB",VEN,-0.26,0.21,7,42,31,53,-0.05,0.22,7,48,36,58,-0.15,0.20,8,48,33,55,-0.54,0.17,10,32,24,42,-0.47,0.15,11,35,26,40,-0.61,0.15,12,29,23,37,-0.69,0.16,12,27,22,34,-0.64,0.12,15,30,25,33,-0.78,0.12,16,26,20,31,-0.79,0.12,16,26,21,29,-0.89,0.11,17,24,17,30,-0.90,0.11,17,23,16,29,-0.96,0.11,18,21,14,27,-0.92,0.11,18,22,17,26
VIETNAM,VNM,-1.08,0.22,5,17,9,27,-1.40,0.23,5,9,3,19,-1.25,0.22,6,12,5,22,-1.49,0.17,8,8,3,15,-1.56,0.16,9,7,3,11,-1.37,0.16,10,9,6,19,-1.42,0.16,11,9,5,14,-1.51,0.12,14,8,6,10,-1.50,0.12,14,8,5,10,-1.47,0.12,14,8,5,11,-1.46,0.12,14,8,6,13,-1.48,0.12,14,9,5,12,-1.42,0.11,15,9,6,13,-1.38,0.11,15,9,6,15
VIRGIN ISLANDS (U.S.),VIR,#N/A,#N/A,#N/A,#N/A,#N/A,#N/A,#N/A,#N/A,#N/A,#N/A,#N/A,#N/A,#N/A,#N/A,#N/A,#N/A,#N/A,#N/A,#N/A,#N/A,#N/A,#N/A,#N/A,#N/A,#N/A,#N/A,#N/A,#N/A,#N/A,#N/A,0.72,0.39,1,72,51,90,1.12,0.42,1,86,62,100,0.81,0.51,1,74,46,100,0.78,0.53,1,71,46,100,0.79,0.53,1,71,45,100,0.78,0.52,1,70,46,100,0.81,0.49,1,72,49,99,0.82,0.46,1,73,53,97,0.84,0.44,1,73,55,96
WEST BANK AND GAZA,WBG,-1.10,0.32,2,15,6,32,-1.11,0.33,2,16,4,33,-1.15,0.32,2,15,4,30,-1.15,0.28,3,16,6,28,-1.23,0.28,3,15,5,26,-0.82,0.24,5,24,15,35,-0.85,0.24,5,24,11,34,-0.54,0.18,6,32,25,39,-0.76,0.18,6,27,19,34,-0.78,0.17,7,27,18,33,-0.93,0.17,7,21,13,30,-0.76,0.16,7,28,18,33,-0.96,0.16,7,22,13,29,-1.02,0.16,7,18,12,26
"YEMEN, REP.",YEM,-0.68,0.22,5,28,18,41,-0.77,0.23,5,26,13,37,-0.77,0.23,5,25,16,36,-1.21,0.18,7,15,9,22,-0.92,0.16,8,24,16,28,-0.97,0.15,10,20,15,27,-1.07,0.16,10,16,10,25,-1.19,0.12,13,14,10,21,-1.11,0.12,14,17,10,22,-1.23,0.11,14,14,10,19,-1.28,0.12,14,12,8,17,-1.34,0.11,14,11,8,14,-1.42,0.12,15,8,6,13,-1.39,0.12,14,9,5,15
ZAMBIA,ZMB,-0.40,0.22,5,37,24,51,-0.60,0.23,5,32,21,44,-0.49,0.21,6,33,23,48,-0.37,0.17,9,40,30,46,-0.38,0.16,10,38,29,44,-0.41,0.15,12,36,27,44,-0.42,0.14,13,35,28,43,-0.22,0.12,15,40,33,46,-0.22,0.12,15,41,35,47,-0.18,0.12,15,42,35,48,-0.32,0.11,16,38,31,44,-0.26,0.11,16,39,35,48,-0.19,0.11,16,43,36,50,-0.16,0.11,17,44,38,51
ZIMBABWE,ZWE,-0.62,0.22,5,31,19,43,-0.82,0.23,5,24,13,36,-1.11,0.21,7,17,9,26,-1.41,0.16,10,10,4,17,-1.44,0.15,11,10,5,16,-1.55,0.15,12,6,3,12,-1.66,0.14,13,5,2,8,-1.54,0.11,16,7,5,10,-1.57,0.11,16,7,4,10,-1.54,0.11,16,8,4,10,-1.54,0.11,16,7,4,10,-1.48,0.11,16,8,5,12,-1.47,0.11,17,8,5,12,-1.45,0.11,17,7,5,13
